,Accretion Rate (mm/yr),Soil Porewater Salinity (ppt),Average Height Dominant (cm),NDVI,TSS (mg/l),Windspeed (m/s),Avg. Time Flooded (%),Flood Freq (Floods/yr),Log Distance to Water (km),Log Distance to River (km),Community,Latitude,Longitude,Organic Matter (%),Bulk Density (g/cm3),Tidal Amplitude (cm),90th Percentile Flood Depth (cm),10th Percentile Flood Depth (cm),Avg. Flood Depth (cm),Std. Deviation Flood Depth (cm)
CRMS0002,12.212752525252524,5.0,98.0,0.3265570593517153,35.03140784574599,6.765309552394168,72.9514895037815,163.10482408415794,-0.7534164673142327,2.7870512390120736,Brackish,30.10035612,-89.79178383,20.955,0.265,7.09836528,33.64992000006911,0.0,13.49668965743916,15.447441415274096
CRMS0003,12.370680894308943,22.1,54.86,0.1958498573692105,34.962173568587275,7.05240620894719,25.7668702357679,243.9551012958169,0.0,3.4315263801187594,Saline,30.09939616,-89.252697,10.765,0.585,27.242411351999998,16.184880000038614,0.0,4.282193836061541,10.152385954470061
CRMS0006,10.208166024420766,3.3,92.0,0.4004238901174809,31.63881279760088,6.860125064849854,53.5388121742145,57.1710526315772,-1.0771248939209028,3.290653623567492,Intermediate,30.26354801,-89.982233,29.380000000000003,0.19,2.7698148312,27.371040000025708,0.0,10.205786388601652,13.584441671235865
CRMS0030,19.1625,1.9,118.26,0.4197433192331382,35.23099686279297,6.637861728668214,42.5419438917267,142.73707274319423,-0.712804785438258,3.468913957081567,Intermediate,30.30390574,-90.3253639,29.755,0.17,6.2833940880000005,25.9080000000567,0.0,8.26496097036254,13.59813481616407
CRMS0033,8.535865055801501,1.8,103.63,0.4794519939502675,32.064207565464926,6.4502482414245605,67.4980082913768,35.130610098176845,-1.196651578766275,3.2898301417216547,Intermediate,30.27630839,-90.387528,57.915,0.11,1.4074685591999998,31.211520000055973,0.0,12.240923113360584,14.785003152838039
CRMS0034,12.96836571324739,1.7,93.0,0.46379141365056,28.62748709416044,6.322037220001221,53.9302073325084,146.63978965818035,0.4257148228681309,3.395303999960227,Intermediate,30.30548,-90.38856433,49.68,0.13,4.558957608,30.419040000096942,0.0,10.781012552172097,15.053737473681304
CRMS0108,12.856564950898779,13.0,72.0,0.2684414983940638,30.62107605677034,6.875110353742327,36.2622032047629,261.79680323356695,0.0,3.3925937192438114,Saline,29.953004,-89.41187031,28.814999999999998,0.23,25.439014907999997,21.54935999997506,0.0,6.218742673037774,12.14791036931478
CRMS0114,10.352564266236353,1.3,107.89,0.2125266090683315,22.30768732136693,6.17784946975847,0.0,2002.6973684210927,1.631306252139085,2.0841592880119877,Intermediate,29.75893338,-89.916765835,40.52,0.17,2.78574246,20.726399999959188,0.0,5.92517030125827,12.005661237207805
CRMS0115,14.313725490196079,1.2,101.19,0.3964645010646633,26.576187653011743,6.144275188446045,0.0,519.0,1.4421351370399411,2.0599865507901685,Intermediate,29.78112609,-89.91872583,40.555,0.235,1.7468831712,10.881360000000349,0.0,2.966858051808202,8.508498080671059
CRMS0117,16.233153638814017,1.3,115.2,0.4550576273174149,28.655135086774827,6.180257320404053,0.0,1247.6797385620723,1.5469053418968701,1.81764511927572,Intermediate,29.809026,-89.91778769,33.46,0.165,1.4080979712,22.86,0.0,6.774394079561568,13.005298325599034
CRMS0118,25.600694444444446,0.9,109.11,0.5019472736688064,49.82251169565561,6.688242435455322,49.2230654484968,174.29955947136588,-0.13887016001336608,0.2848349183873531,Freshwater,29.37800375,-89.54255285,18.939999999999998,0.39,16.269754608000003,36.33215999995104,0.0,12.50952543079059,16.7531089332975
CRMS0119,13.663736979166668,8.2,101.19,0.3841371419998658,37.162942905166936,6.5461989905088,25.8150956406864,179.537755822139,0.22549899400232665,0.7058572996538588,Brackish,29.47594867,-89.635445,20.835,0.325,19.069296888,14.325600000021671,0.0,3.8842079565401004,10.497029377829358
CRMS0120,18.59973867595819,1.2,87.78,0.5341727857847116,30.80363846842448,6.1028361320495605,0.0,287.0,1.4412864165426973,1.7179135912605412,Freshwater,29.844500265,-89.85633755,45.33,0.20500000000000002,0.4748971452,6.705599999991579,0.0,2.482534503301555,8.706893566627452
CRMS0125,9.64943446004052,1.7,89.0,0.4621131677519191,28.612542788414103,6.190740426381429,58.3232803579821,39.4831730769234,0.6012856586500323,0.5913316760521867,Intermediate,29.76589467,-89.98119092,44.715,0.16,0.751905024,25.145999999944333,0.0,9.079555023552949,14.748110662829493
CRMS0128,12.40495391705069,0.8,85.2,0.5440242672860065,27.19731566498297,6.004995346069336,0.0,33.2068358884138,1.2579192916112945,1.294079027341575,Freshwater,29.831574565,-89.947856565,38.64,0.185,0.6169526904,19.202399999977107,0.0,5.872616099573086,10.92131830088651
CRMS0129,10.193399044205496,8.7,132.89,0.3456693199706021,35.051320864194395,6.584054946899414,40.7680226932976,250.69601270284244,0.0701762138801718,0.6897564078203027,Saline,29.46868969,-89.603273,14.7,0.46499999999999997,20.67818064,24.079199999954792,0.0,7.3006216979913345,13.614991652392268
CRMS0131,11.052249442729767,1.9,121.92,0.3728615200087353,22.33481710410513,6.497616767883301,21.9300302661419,77.14427770746644,1.1678514361383607,1.9506958646713064,Intermediate,29.68851922,-89.88871202,27.82,0.25,7.2963298320000005,11.643359999993422,0.0,3.388088580101903,9.950976537459427
CRMS0132,16.826834862385322,2.0,121.92,0.3342807189467368,24.29976582960324,6.491391800181531,39.0601190781657,106.1806183330352,0.10389805129100821,1.610415116631756,Intermediate,29.66392594,-89.88555861,41.83,0.17,6.559884264,21.549359999973316,0.0,6.671765136855163,13.227852030238713
CRMS0135,11.850920656724227,3.8,100.6,0.2524791767722682,28.55636496942696,6.792791843414307,42.2862102235794,168.41473578928827,0.0,2.5078622614488744,Brackish,29.68657683,-89.76043469,23.07,0.29,12.209900904,19.507199999984397,0.0,5.663693228908448,10.768019008863671
CRMS0136,12.780112044817928,3.45,102.41,0.349522187919854,32.85204209189919,6.6050543785095215,23.1594706368921,154.16415157612758,0.7041194929379475,1.5260428901633318,Brackish,29.62120578,-89.79182539,20.095,0.355,17.121173784,13.411200000023735,0.0,3.772200058550064,10.739463795394826
CRMS0139,24.756521739130434,0.9,119.48,0.4825762476431711,54.3119971508093,6.76439176678602,64.331354811372,167.13714054582448,-0.5716801562565955,1.1587314506623487,Freshwater,29.38256348,-89.47918532,11.219999999999999,0.495,21.45947448,42.21480000000088,0.0,18.90331862956783,17.70811841552979
CRMS0146,15.676282051282051,3.6,102.41,0.2947982873432007,24.478991185579044,6.669221562596732,44.8661257078589,149.4051708551887,0.0,2.89272373477477,Intermediate,29.72908129,-89.72612562,27.38,0.21,11.459998416,25.60319999993276,0.0,8.602758346169637,13.86444909865244
CRMS0147,9.039719626168223,10.565,90.4,0.2832393978044538,30.800844819361043,6.910423981515985,43.8777849313372,256.34602649004694,-0.21174458422031298,2.987451142727271,Saline,29.665708,-89.60412621,18.345,0.32999999999999996,26.787567456,26.609040000080945,0.0,8.187922932978193,13.777371954927649
CRMS0148,11.789823008849558,2.5,115.21,0.3925463342480128,39.356358594065554,6.529263019561767,18.8808448663501,143.66884262525951,-0.6270181808688995,0.26227554000409686,Brackish,29.51233828,-89.697864,11.09,0.6,23.090477567999997,27.27960000003131,0.0,7.148013135768759,14.325692191482913
CRMS0159,20.942622950819672,1.45,286.51,0.4081466558290722,45.68536665765629,6.690639019012451,79.7551107970149,163.0138590669591,-0.9877172948364645,-0.23921785343942242,Intermediate,29.03791486,-89.19916,6.195,0.885,22.771041072,40.142159999982155,0.0,18.210710758705414,15.70127272607432
CRMS0161,31.595082159949097,3.8,315.8,0.2129141415158907,54.07780929617401,6.6913819313049325,95.8985479732829,72.94798717491898,0.18287089817033853,2.640753721186761,Intermediate,29.29378446,-89.16670385,12.83,0.36,21.599717532,56.0831999999091,5.791199999990732,31.466068668573264,19.144393320303944
CRMS0163,20.689061934081852,2.4,113.38499999999999,0.3487975302170408,47.77711450945278,6.729604244232177,61.1757983884041,261.9029385574136,0.07576132859504553,2.2702472018696858,Freshwater,29.216726,-89.42078628,10.305,0.43,19.917553764,27.980640000055484,0.0,10.1748405328222,12.25168879102816
CRMS0164,14.411612153001503,19.4,99.36,0.1658479826282262,26.451496045643125,6.950122467710934,60.9791037495032,227.20197291424705,-0.8868200296570808,3.985079346161264,Saline,29.19387863,-90.16986499,36.400000000000006,0.19,17.693774112,26.639519999976493,0.0,9.544714338002212,12.187076847770733
CRMS0171,19.19667829485905,16.6,112.78,0.2324227402607599,37.07190552461597,6.939996035064308,53.2766147013496,272.30362803806435,0.0,2.9932543999749,Saline,29.32372524,-89.794969,13.05,0.48,23.176010544,25.847039999968068,0.0,8.635116153091378,11.894257740506758
CRMS0172,22.22151291570475,14.5,111.55,0.2245463066195187,37.08112785843579,6.906085330127196,61.6578341955862,261.50307827621134,0.0,2.8056071380300227,Saline,29.3140348,-89.73862976,18.295,0.37,22.128644592,32.64407999996413,0.0,12.656679653304451,14.154610405068551
CRMS0173,14.877133608004709,12.0,109.6,0.2471484768219019,30.85171203639944,6.575460637953207,60.0840328921485,260.69697975444694,-1.6626315177851951,1.6377029921132131,Saline,29.45337182,-89.7310056,35.825,0.175,21.648801000000002,29.900879999993222,0.0,11.003944541755004,13.63142358719263
CRMS0175,12.252347417840376,15.0,97.65,0.1455013232286243,28.554415303051776,6.956195831298828,60.8060273911859,212.79701022815144,-1.0638175329974056,3.7679548380120425,Saline,29.289351394999997,-90.14200624,25.585,0.265,17.557932372,29.504639999926635,0.0,11.023533105218819,13.616405247599035
CRMS0178,17.757457386363637,20.9,75.04,0.1200126856565475,28.6082633272739,6.994969129562378,32.9908672033006,239.67256637169365,0.0,3.666452417675214,Saline,29.28741406,-90.04579008,15.135,0.445,20.104682676,16.748760000002576,0.0,5.143009205214336,16.729805577409838
CRMS0179,24.299546916106404,13.2,103.91499999999999,0.1948877138208364,30.824022128826865,6.7598185539245605,50.9817345778341,238.43672043906145,-0.25741784095674053,2.10743178175724,Saline,29.39618018,-89.69844374,21.555,0.34,23.824533504,27.00527999996509,0.0,8.969186977811916,12.595754706908465
CRMS0181,30.890503295386456,14.3,107.595,0.1177950352430343,36.668180991907136,6.887048244476318,51.4784786907355,249.5611257696104,0.0,2.4681159458246062,Saline,29.335461,-89.696296,18.105,0.375,23.351233968000003,25.38983999996833,0.0,8.200480362389632,11.878636157391954
CRMS0190,21.681854116158952,1.6,109.67,0.3802882491171283,39.22557686545632,6.339201927185059,0.0,783.7229437229403,1.274170675954051,3.4870180438323577,Intermediate,29.52535687,-90.26168768,81.82499999999999,0.07,6.164531232,14.173199999969896,0.0,4.341689837396093,7.623659821826015
CRMS0209,12.399361499862792,12.0,96.92500000000001,0.2918055372533576,32.79081636904394,6.401313304901123,46.4139338978377,228.2924591257828,-1.6108978400659988,1.8287911488031676,Saline,29.49065038,-89.79168348,33.995000000000005,0.16,19.73457318,22.17419999995461,0.0,6.713686776935064,10.463224293663748
CRMS0220,20.700998185117967,4.0,96.92,0.2832052214787556,28.709340707071707,6.742047309875489,23.91272363955285,155.2439024390277,0.06214139227627404,2.6662184507911326,Brackish,29.56481091,-90.06873728,37.349999999999994,0.18,9.869736419999999,21.33599999994609,0.0,6.922980495288594,10.746424519008187
CRMS0224,7.194842377390374,11.0,117.04,0.2530828416347503,28.784812017983167,6.721447423468428,54.632118618527,250.74941308099736,0.0,2.5436741231467037,Saline,29.49964957,-89.9177153,31.54,0.195,15.098380776,23.469600000028038,0.0,7.971611841914193,12.075290894190797
CRMS0225,18.46605623381428,5.3,105.46,0.2988479415442146,30.79041613303328,6.712770921843393,64.1598437052887,152.7659186279723,-2.040840526273084,2.3662183005402504,Intermediate,29.56311876,-90.009487,40.025000000000006,0.16,10.290669792,26.517599999965572,0.0,10.119531016154175,12.129430197572884
CRMS0226,10.582440001329612,10.6,113.39,0.2958489457496522,28.73329898707068,6.522144317626953,30.4512610393076,202.22890559734373,-2.970989401021599,2.3503027463641915,Saline,29.51232489,-89.88542942,26.83,0.21,16.661151336,14.081759999988584,0.0,3.8673425691860617,8.346268952620255
CRMS0232,14.351245085190039,7.5,96.32,0.2364510928147078,31.76071724006157,6.853622913360596,51.3186680718799,202.87856196158864,-1.472296442466779,2.8398086159114646,Saline,29.49792721,-90.01255198,22.64,0.32,15.075913967999998,22.86,0.0,7.739217699502785,11.041042735884588
CRMS0237,18.346907992282823,10.4,116.43,0.2294698415785466,32.90195573062579,6.812425613403319,16.6560064581593,231.4263087695891,-0.41057329578752577,2.765742781534715,Saline,29.47718362,-89.9439249,27.744999999999997,0.21,18.461550072,20.726399999955053,0.0,6.307767069098729,10.483316117505757
CRMS0248,12.42831541218638,4.8,99.36,0.3419630769640207,30.78490575992832,6.7715315377536704,47.695353840559,112.43131384289808,-0.5608984727866316,2.512314577770254,Brackish,29.602116,-90.070867,30.115000000000002,0.21,6.3532512,17.86128000002151,0.0,5.590232409693064,9.152307738537477
CRMS0251,14.609543244264898,5.2,106.68,0.272544455136441,30.85214103290013,6.814634000134729,64.0855885555552,179.26107148779244,-1.0954283017791604,2.7052163856435105,Brackish,29.51876855,-90.01051511,31.64,0.195,12.91764498,28.224480000089674,0.0,11.196842367776817,12.913649429602703
CRMS0253,18.932987304945783,5.3,101.8,0.2833970951667092,30.832792419722917,6.76695457977628,43.4132772168546,166.4636769816171,-0.7027638986593651,2.7346246879623752,Brackish,29.55503022,-90.07308289,27.355,0.25,10.001477076,17.068799999967315,0.0,5.215646309338802,9.449305082014028
CRMS0258,23.824049386337563,8.8,102.2,0.1119592239459355,27.510741437999037,6.563118486773243,57.0368672864186,177.1352569882768,0.49295553557099175,1.7367663621724518,Saline,29.523959,-89.8200157,34.09,0.21,11.36114568,24.56687999993823,0.0,9.174931559132943,11.4417921016648
CRMS0260,12.646588486140725,7.9,98.15,0.341834535541056,28.66660854709693,6.460541248321533,50.4390460663811,178.51984268857728,-0.004255580257841392,1.9141753126615884,Saline,29.53408159,-89.85426914,48.025,0.16,11.414057436,20.970239999972776,0.0,7.0464100246495445,10.61032050129772
CRMS0261,13.897233555822577,2.5,120.7,0.3840626896288248,30.725824745933792,6.678203459652739,57.7592119734583,122.90947516730662,-0.4885955790041616,2.729538799630906,Intermediate,29.60212733,-90.10428415,34.125,0.22,7.697986128000001,23.13432000002714,0.0,8.349977651121579,11.179950218117108
CRMS0263,30.78548022286469,6.4,93.94,0.302794035855319,30.820604000546076,6.5380682945251465,49.826829256213,175.32489989077624,0.30335673424948345,1.8302409944333013,Brackish,29.553312,-89.88876323,34.144999999999996,0.185,11.110938408,22.677120000039878,0.0,7.82770439019818,11.262895902393952
CRMS0272,25.814144736842106,11.8,121.92,0.1769229935780429,30.84919815184209,6.7043633460998535,68.9767377488642,240.3963249864766,0.3356511923354659,1.719580381171946,Saline,29.4207115,-89.69383874,22.425,0.29,22.532304948000004,34.62527999996343,0.0,13.656037547686578,14.851522454671915
CRMS0276,18.023358959195743,4.7,98.15,0.3301581438843944,28.67894075826289,6.473688419501865,59.1911277339709,146.50260513583282,0.28541195839942907,0.8086408208742436,Brackish,29.619353,-89.94506891,39.74,0.17,6.894039552000001,21.671280000012338,0.0,7.657846372053237,10.746604563372035
CRMS0282,10.584554334554335,11.7,95.8,0.3059081201636514,32.9636992017808,6.3485941886901855,48.1136463889887,236.75860134632583,0.4336869443333775,1.3558254440333883,Saline,29.49865265,-89.76130074,40.614999999999995,0.14,16.110746544,22.25040000000176,0.0,7.2882598439204616,11.220178827897135
CRMS0287,17.91330074690388,0.9,106.68,0.4131705125823456,37.15775962652162,6.149365726270173,0.0,264.0,1.168220052731815,1.3630489169754647,Intermediate,29.685644269999997,-90.01472538,85.36,0.06,0.6468407688000001,18.105119999973628,0.0,7.17377328797279,8.181509191885791
CRMS0292,20.66987463126844,27.5,98.14,0.1736989709155883,36.07893936420575,6.858227252960207,42.6062836736071,281.4845961698117,0.49921613958726124,4.121678867141789,Saline,29.14124703,-90.22806577,16.74,0.405,25.083477900000002,20.26919999996469,0.0,5.977406305497833,10.090408792858373
CRMS0293,7.088842645046061,14.2,85.04,0.4323661834119277,45.63241731047631,6.902863502502441,26.0646189511974,206.6485900216929,0.5639005865097452,3.309949605978502,Brackish,29.24027238,-91.20114201,19.1,0.3,14.044229976,10.91184000000506,0.0,2.8975442437514816,6.951208083500477
CRMS0303,9.178994082840237,14.4,75.59,0.307377406550602,41.24478473186492,6.805008411407471,34.0338050018981,322.59639459184126,-1.6920193226577631,3.49721416955944,Saline,29.24101867,-91.06895883,14.395,0.46,25.374657912,15.788639999940305,0.0,4.364983523336209,9.631883703027842
CRMS0305,18.344682230869,1.9,97.77,0.4472032853268645,49.95604822384291,6.67055626919395,28.0004564576858,324.54913095848457,-0.3771995628263885,2.5166547415056315,Intermediate,29.38895428,-91.19796504,23.745,0.25,24.738898451999997,12.192000000028715,0.0,3.0839696114729573,7.676919889818352
CRMS0307,15.791498486377398,8.6,106.92,0.3221620022273499,35.98377960920334,6.774599075317383,57.8631865679974,300.1369016074861,0.0,3.8720938911261698,Saline,29.25378005,-90.82708869,31.11,0.21,21.606458184,26.3347200000352,0.0,9.49995147976632,11.962250304727593
CRMS0309,15.208333333333332,9.0,87.8,0.3877363792127948,44.465933696799006,6.821592807769775,31.8072835733841,320.05256132154324,-0.4195563920346068,3.2613665601748725,Brackish,29.25375465,-91.1958758,15.985,0.37,21.698913167999997,15.20952000004206,0.0,4.093250068688543,8.01496544169992
CRMS0310,19.93697478991597,16.6,106.675,0.2042454988695681,32.74893024507291,6.75492262840271,64.9784747407132,248.35051546387191,0.3833297777940068,3.9331837206515265,Saline,29.29453012,-90.2932787,24.56,0.23,22.055667852,31.430975999948934,0.0,12.453890528327241,14.12895808162208
CRMS0311,15.557480139835604,15.0,101.86,0.2840193974562919,35.01430305398256,6.977216036794277,60.460585925062,303.87652358240484,0.0,3.980267929871487,Saline,29.2147584,-90.79177384,25.52,0.29,22.071592128000002,27.24912000000674,0.0,9.846747207856373,12.583805977624726
CRMS0312,16.995025188916873,3.8,106.81,0.3564293239595205,36.08619006154157,6.513274192810059,0.0,64.1846628470675,1.3482312833057866,3.7965751517614064,Intermediate,29.50531384,-90.3847825,82.97999999999999,0.07,3.3827252640000003,16.946879999966203,0.0,5.623556965171277,9.580025027004544
CRMS0318,20.17105263157895,18.1,94.48,0.1535655890077237,30.87647143840788,6.843579995004754,69.7412950950037,249.730240549782,-0.3558585167108637,3.9726396532832857,Saline,29.29477371,-90.32552218,21.990000000000002,0.23,22.242008856,37.45992000004156,0.0,15.215062522150685,16.153065405352237
CRMS0319,21.30458411716738,17.4,95.7,0.2002175969346459,30.763910479758945,6.807846051258867,58.0479445428317,229.0312387143185,-0.0370451792674464,3.928594223049815,Saline,29.32362421,-90.32569505,24.36,0.22,19.393338911999997,27.736800000073753,0.0,10.187343695720003,13.101895335789395
CRMS0322,10.25,13.6,91.5,0.2646926200823765,41.29812700301882,6.650941221337569,46.4208237650323,243.57509521446983,0.30134715349665425,3.4214099897645065,Saline,29.24471494,-91.10664538,28.59,0.22,18.0726588,17.86128000000777,0.0,5.696017640096756,9.167887894952187
CRMS0326,8.537010240427426,8.1,97.0,0.3448345233996709,43.65206447809381,6.742315292358398,39.0821314762316,259.0478556052629,-0.19329190751689412,3.3974308509993043,Brackish,29.27369947,-91.07398524,17.915,0.3,18.725759856,16.642080000027825,0.0,4.9220470916419945,8.851974727006098
CRMS0332,14.928306878306877,8.31,95.15,0.3465987043869034,41.42619458327984,6.665980815887451,27.1448178089131,220.99420529799704,0.2974415346816857,3.410387333642964,Saline,29.29822119,-91.03972067,9.975,0.545,20.508501527999996,12.55775999996053,0.0,3.3144360784428386,7.8037670152518706
CRMS0335,18.75467877094972,19.7,75.6,0.1464047322736203,35.01902968381667,6.991947174072266,0.0,4693.096330275311,-1.236715543804091,4.082671592481239,Saline,29.269091445,-90.38674716,16.705,0.34,24.540648911999998,32.30879999995347,0.0,13.207773866743073,13.887938414076663
CRMS0336,12.634658394607841,20.9,85.1,0.1611146353797394,32.89591712021291,6.862545277695839,54.2847139859266,271.78967428964177,0.6741516706462629,4.011366059899098,Saline,29.31994273,-90.38339256,26.85,0.26,24.379924824,27.340559999944528,0.0,9.462227094617369,13.059925723918582
CRMS0337,23.029907707511935,18.1,81.1,0.1773204902628426,30.791601294324902,6.9327802658081055,53.1668972125879,279.7368864900923,0.0,3.9866266374016743,Saline,29.31079685,-90.35508505,16.67,0.295,23.4485688,26.822400000041323,0.0,9.045453442871153,13.001535309446256
CRMS0338,28.69720933794945,18.9,86.345,0.1886735566672823,32.94325716589436,6.849249839782715,68.0625743915454,250.22975012572977,-0.3176550421027255,4.035501828079305,Saline,29.3345493,-90.41502435,24.145,0.255,24.477607128000002,35.661600000010196,0.0,14.31538796950652,15.846340395883749
CRMS0341,30.38988756747395,17.2,85.34,0.0990335918962955,30.795521316284532,7.1090264320373535,55.6451591534117,267.0256318974916,0.0,4.18219997571003,Saline,29.30916354,-90.51222918,16.740000000000002,0.4,25.094661012000003,31.54680000007919,0.0,11.34503313874418,14.404858576905697
CRMS0345,29.438900134952764,19.9,84.24,0.1378743177966067,37.17151991960501,7.074326560362183,58.7025546846733,253.1572208945252,0.0,4.081277262947183,Saline,29.17036687,-90.76231794,15.315000000000001,0.395,23.737990116000002,32.18687999995683,0.0,12.057426218081295,14.52774069862914
CRMS0347,32.19856948228883,17.7,92.53,0.138215996481949,39.26668699357331,7.083824252757696,58.08776959545,297.41640326073707,0.0,4.147845190186558,Saline,29.16224523,-90.70149923,14.265,0.395,22.23528192,28.346399999900186,0.0,10.000785686930607,13.224628878137404
CRMS0354,15.901703177987091,2.5,100.4,0.3613518819780232,37.09753715182519,6.854264736175537,45.7507255240469,233.86589403971777,-0.12191598284479584,3.415638264995028,Intermediate,29.33081682,-91.00951405,34.864999999999995,0.16,16.23114102,20.604480000047253,0.0,6.467312034391708,9.951286234782843
CRMS0369,8.973861283643894,7.3,108.2,0.353774777077947,37.333928454738015,6.889251558820187,39.6575337938638,239.17620751344543,-1.5370616190614674,3.961891625269195,Brackish,29.29454419,-90.69487772,24.4,0.28,18.140260392,17.891759999988007,0.0,5.254913582168699,9.680079438322188
CRMS0374,18.184470377019746,20.1,75.04,0.114422558591916,37.102495199557126,7.080440907205069,51.9324439125546,301.349933377746,0.0,4.073937588252058,Saline,29.15676288,-90.79284224,19.37,0.305,22.084351056,24.68879999995627,0.0,8.13981004616028,11.866787662606715
CRMS0376,32.589285714285715,19.5,78.21,0.0572491243481636,37.283972742557545,7.084641456604007,69.2325307075312,290.91914822829426,0.0,4.032283924397618,Saline,29.12410867,-90.85768066,10.77,0.44,26.97363414,37.1551200000327,0.0,15.033955545794594,15.615956518140312
CRMS0377,15.688492148095808,16.2,67.54,0.2522135060280561,39.32841523904031,6.917960643768311,40.5787607623575,340.4507542147068,0.0,3.629129922886609,Saline,29.23207653,-91.00684948,16.11,0.37,25.240033848,20.726399999951777,0.0,6.177517144667948,10.550003654302316
CRMS0383,16.353881241041567,13.0,78.94,0.2169759512571319,35.468416210672125,7.06243894374289,59.5064208070206,293.0221703617074,0.0,3.7747598619977043,Saline,29.20749724,-90.94887101,16.005000000000003,0.335,24.350031564000002,29.565600000030084,0.0,10.915136451549703,13.250163322824747
CRMS0385,7.013148284212743,6.1,134.17,0.3613417761011438,28.71426782378155,6.967679977416992,0.0,589.0,1.1540789666791242,3.9565249940280958,Brackish,29.40906742,-90.60360419,49.725,0.14,0.11195899884000002,10.759439999997577,0.0,4.569140936471345,4.699124231728279
CRMS0386,18.633915282803166,10.9,97.35,0.2244260380975278,23.36418207374778,6.7435207957319925,53.1278532747962,137.46582733812727,-0.13906742228198665,3.8177492523028023,Saline,29.43252822,-90.35419004,50.625,0.13,7.962973152,21.640800000040404,0.0,7.569815698465685,11.203827860922395
CRMS0387,13.47530458107381,12.5,102.96,0.3037232180436452,28.557872396369184,6.619665326743291,33.8403927704143,156.62533692721647,0.7537648208827109,3.79023404683112,Saline,29.41084797,-90.32197366,47.239999999999995,0.11,11.207805372000001,19.81199999999013,0.0,5.934761324161762,10.438335547558614
CRMS0390,23.18425925925926,7.2,79.98,0.1420661478207029,20.279159408731665,6.69771671295166,63.1807276723287,44.53613445378222,1.1504235450392228,3.7936753820409326,Brackish,29.46514055,-90.66263679,61.74,0.1,2.0475074112000002,22.86,0.0,8.446904958503678,10.435679230974642
CRMS0394,21.261641125284033,4.15,99.85,0.3975586881307035,26.480849387613933,6.451886177062988,0.0,91.50323774282592,0.4921976815401578,3.6089762010384354,Intermediate,29.35906865,-90.85437401,42.099999999999994,0.16,7.250911584000001,20.299679999965704,0.0,7.820141757516382,8.96975546676282
CRMS0396,21.37809135977337,5.9,100.7,0.373708274840918,26.5406044292991,6.541152351780942,0.0,100.6517712433476,0.23249197844529085,3.601966956394446,Brackish,29.34277516,-90.8855047,32.06,0.175,12.21892908,14.295119999980477,0.0,4.487416872225095,7.334262405168845
CRMS0397,15.685886114494517,14.0,115.33,0.2598291973980865,24.51194326373891,6.691641115308468,56.4079179941662,206.47470887916333,0.6178337437638779,3.787212034907241,Saline,29.35265641,-90.26059729,47.129999999999995,0.12,14.185961976000002,24.810719999962416,0.0,8.938730060946028,11.838395277661707
CRMS0398,19.009863403592934,2.5,107.53,0.3840626579820063,27.552774825212573,6.724908718088055,8.355426378280791,3932.394736842231,0.5017315968885236,3.4324618804938902,Intermediate,29.3862369,-90.91722157,27.560000000000002,0.215,7.590239328000001,13.715999999964799,0.0,3.9405004140261495,7.574804656906781
CRMS0399,21.944910514541387,6.1,89.25,0.3838980417866054,43.609723438866666,6.639688328023366,24.9115192954502,208.69692281243093,-1.0412526186853837,3.246131106770033,Intermediate,29.30006172,-91.10534927,24.195,0.22,16.694898792,14.0268960000293,0.0,3.7890758955472146,7.821088865823204
CRMS0400,17.432072829131656,8.3,126.19,0.3270967106261176,26.47849908248238,6.30276346206665,72.2945197226653,32.4709730171718,1.4169387143695835,3.9441682415957047,Intermediate,29.49032337,-90.50834968,55.275000000000006,0.1,1.1056092696000002,24.658319999932175,0.0,10.343465851724849,10.918057300196848
CRMS0416,11.0886682011682,8.0,105.69999999999999,0.3143444785049983,24.3664159042134,6.63763427734375,51.8721455265737,47.93312543312718,1.3595739848596162,3.958949040150549,Brackish,29.47617204,-90.48029237,56.834999999999994,0.14,1.2248509920000001,19.90344000001843,0.0,7.015866631220268,9.989458444353255
CRMS0421,26.607632541133455,17.5,94.79,0.1901310177580003,35.06789117924742,7.050213813781738,68.083399380417,275.01250208366247,0.0,4.015442546329504,Saline,29.17124818,-90.82349396,16.27,0.39,24.981938352,33.31463999990081,0.0,13.25486985300054,14.379460428082016
CRMS0434,7.325819530710836,13.8,148.19,0.3498143544331943,39.32976018611367,6.800077438354492,38.8627761221738,200.2808252824828,-1.5626776844784531,3.867926721017356,Saline,29.32274757,-90.73128507,22.28,0.28,15.179271648,15.069312000043091,0.0,4.398685065643474,8.871173206377216
CRMS0461,29.679528061224488,0.4,108.56,0.4814023804307494,37.03394662002038,6.153102397918701,68.8584467025292,192.5137174211274,1.7823487315017408,1.9431205411573684,Freshwater,29.58485401,-91.32515378,14.425,0.32,13.674944964,58.70448000015089,0.0,22.69883780815446,24.6494850292003
CRMS0463,30.678099173553715,0.4,121.03,0.611216102280409,43.58102807691237,6.739353179931641,0.0,786.0,0.49256736332777795,1.2736792478256955,Freshwater,29.49063403,-91.32305584,18.880000000000003,0.24,18.292934712,11.582400000002805,0.0,4.4503306023688145,7.8861663516034355
CRMS0465,30.829562594268477,0.7,144.95,0.5645367277415919,37.07823294015393,6.651949882507324,0.0,46.33588761174894,0.3049238696924507,2.362365579207075,Freshwater,29.53772869,-91.3844177,9.655,0.605,16.062966096,11.582400000008223,0.0,4.927862656241636,7.009456835951771
CRMS0482,15.685135135135138,0.2,98.75,0.4932693077422068,35.221987359788685,6.140246868133545,61.3130670430419,239.61435933891383,1.979494711740165,2.2224134663403023,Freshwater,29.58579494,-91.35425042,33.2,0.14,14.692266779999999,44.13504000005934,0.0,15.906649189675754,20.008740286353962
CRMS0488,15.76841359773371,0.2,126.18,0.5566541043303942,45.68851900566949,6.189457040084036,22.0451863619182,15.343472317156577,2.0252832539800942,2.9664919654645794,Intermediate,29.70739108,-91.54042053,67.18,0.07,0.6157551312,24.14016000003212,0.0,10.363342498826986,11.07601263227925
CRMS0489,27.054914690312543,1.0,132.89,0.5295576541291422,49.95898349252965,6.598533110568183,27.7688966913805,340.20662539726123,0.0,3.2858889953530985,Freshwater,29.60117051,-91.54169468,16.305,0.455,23.980716072,14.051280000031955,0.0,3.718507545292423,9.383495734075614
CRMS0490,15.795274134873518,0.2,124.35,0.4311554324947112,0.0,5.98913348907543,40.31976666046965,433.0,1.877709641794482,2.928043918272872,Freshwater,29.67935522,-91.51043548,85.99,0.05,0.12256696848000001,37.00272000012266,9.479280000023564,21.660875199636262,12.25953936286544
CRMS0493,20.227451573849876,1.1,104.24,0.596004872691557,49.79615081596375,7.039299964904785,0.60836497274791,167.55199705503742,-2.7707502672176445,3.4332719441346953,Freshwater,29.75538406,-91.75839356,33.195,0.22,19.211641536,7.62,0.0,2.102005243696372,6.8014458556450474
CRMS0494,20.24388634764251,2.7,109.72,0.5528345000215839,48.803936219392064,7.104993343353272,18.524221047188902,88.62036238136047,0.0,3.4440671415509425,Intermediate,29.74282381,-91.78872731,31.71,0.18,2.773119168,16.489679999964036,0.0,6.152726889628924,9.991267933546938
CRMS0496,19.381571370573518,0.8,123.74,0.5177154214667881,39.32650698813179,6.461421450601375,0.0,365.75243628187866,0.0,3.216997769899869,Intermediate,29.62915781,-91.54707624,22.92,0.295,23.894439384,19.44624000001029,0.0,5.632337801090841,10.932914665697355
CRMS0498,11.605198785628652,12.9,92.66,0.3840379170994114,54.073444660258,7.018462657928467,90.204360198603,16.128353498158976,0.0,3.609798911507994,Brackish,29.500503,-91.85006155,19.325,0.265,0.29561954592,18.287999999971536,1.5240000000025635,10.863128431853546,11.967454975982404
CRMS0499,12.407728215767637,4.5,99.36,0.3542486549686849,39.3320838067552,6.692766904830933,49.4171516872446,157.4320268361538,0.0,3.4487207135703417,Intermediate,29.570405,-91.85414249,43.85,0.13,8.313718704,21.33599999995045,0.0,7.138900162372307,10.522330481711494
CRMS0501,16.210139232636976,3.55,122.16,0.3409517687909743,39.3018071600509,6.397069454193115,57.4103670083311,186.24533582091468,2.1971753992753964,2.8969707169191774,Intermediate,29.63934329,-92.25756179,45.07,0.13,9.090638664,27.645360000075847,0.0,10.131955800042249,12.894748873648101
CRMS0504,10.934379457917261,7.2,100.58,0.3934606673427258,39.26610955874125,6.914668560028076,74.9430774710488,29.960282436010075,0.0,3.4579338592051916,Brackish,29.53582828,-91.885533,27.23,0.21,0.3761783688,28.590239999936145,0.0,12.919399318468814,11.710890347072496
CRMS0507,15.543625886611276,6.2,143.86,0.3719246426196431,41.45996046447754,6.760272604825958,60.4863561994936,201.22667910450247,0.9619380033214284,3.038562472268033,Intermediate,29.582130985,-92.2252817,32.04,0.21,9.815821871999999,28.864560000003458,0.0,11.081157706789607,12.76268617510454
CRMS0508,11.418431826272695,4.8,116.43,0.3642631877164352,35.027703256809964,6.409821673137387,0.0,100.85167910447512,1.9381515051907443,2.7654412434112894,Intermediate,29.64025325,-92.22732701,35.14,0.29,3.754156068,23.36291999996644,0.0,9.405221958112232,11.253543112010684
CRMS0511,8.522405660377359,1.8,138.98,0.3107141391797499,32.89071043918008,6.554201602935791,0.0,81.0,1.7817199157507273,2.5765257344245907,Intermediate,29.88702213,-91.9782032,15.835,0.52,0.15795465996,34.625279999963404,0.0,13.23987447645913,18.16761898216275
CRMS0514,10.896311240842492,2.2,154.22,0.5407033837814104,39.32426516215006,6.397305965423584,4.41380307730575,136.47826086956437,0.9559076380444744,3.341867119232364,Intermediate,29.85251392,-91.82516825,19.61,0.355,23.852806752,0.914400000002661,0.0,1.1735153194378904,5.3105377720328555
CRMS0517,19.43550348261984,2.4,110.34,0.5722444785236256,43.53842607296512,6.882286548614502,18.3438033313101,287.8734858681071,-0.851396378306813,3.2567732576925237,Intermediate,29.64302059,-91.57307346,27.545,0.21,27.500165472000003,9.144000000005438,0.0,2.5021752580482697,7.875869794072173
CRMS0520,18.902423781553736,6.0,106.07,0.3837682612144388,43.48309399645137,6.73721981048584,18.9176844512195,158.86043646602153,0.0,3.3318617775065187,Brackish,29.58585262,-91.8857681,30.085,0.25,15.422939436000002,10.058400000031245,0.0,2.692299015185548,7.677598402188875
CRMS0522,6.974522292993631,7.8,96.92,0.3457128025363475,41.43887547723178,7.043655831430732,15.1334629953779,401.8624908692476,0.0,3.6637777618423293,Brackish,29.49780364,-91.823096325,35.5,0.18,2.5243244916,22.905719999993643,0.0,8.418608698542402,11.133514562260821
CRMS0523,14.605498211850492,6.5,95.1,0.3838130427212193,43.55124033496177,6.894768714904785,25.4976770819894,249.5955882353205,0.0,3.5109662721245467,Brackish,29.57854365,-91.82207817,32.05,0.2,21.870850848,13.533120000026878,0.0,3.4604210001591342,8.031042302993837
CRMS0524,12.970417422867513,5.8,107.89,0.3762291563354253,41.51221456330399,6.712364196777344,0.0,1242.0,0.0,3.5646982579362394,Brackish,29.54849283,-91.82305567,45.335,0.14,1.4124502104,12.496800000023827,0.0,4.604651319442204,7.883069159365242
CRMS0527,14.645061728395062,4.45,109.41,0.4162259152439865,41.46773240560729,7.3158557415008545,0.0,284.1918731778241,0.0,3.2199670371753486,Brackish,29.71095674,-91.85631295,14.185,0.49,22.305416400000002,18.287999999988028,0.0,4.896453064845764,10.385270173999482
CRMS0529,18.25,9.0,94.5,0.3411566563061585,41.41745781727371,6.801140706183502,11.81765035864815,103.4019370460051,0.0,3.2074183889648875,Brackish,29.59951787,-91.916638,59.28,0.09,2.0906103984,15.605760000028107,0.0,7.744263562046757,8.709114655318524
CRMS0530,11.116751269035532,9.7,83.52,0.3377931237891669,48.86247644980749,7.10656213760376,7.8113345335073,2056.0,0.0,3.0337832890611156,Brackish,29.57768985,-92.0104788,25.195,0.28,1.4600904503999999,17.373599999993573,0.0,6.2431774119678884,9.845143674063644
CRMS0531,15.488929889298895,2.9,123.1,0.54003497655255,40.26410442877253,6.862564563751221,17.3446097819223,164.84957548911356,1.1888071059607186,2.789300656981701,Intermediate,29.85614504,-91.9510114,22.0,0.35,17.955496728,9.11351999999026,0.0,2.4576284009031317,7.395754465171136
CRMS0532,13.27540606323501,5.8,117.04,0.5291862918959036,47.6602274524465,7.268835656352068,16.7491082854123,199.9023574946905,-2.3575406478095666,2.837620932082611,Intermediate,29.82435636,-91.94912882,32.275,0.19,24.744243120000004,8.22960000000395,0.0,2.427209696282298,8.085724575309278
CRMS0535,11.767779438130145,6.4,106.68,0.377599113873359,34.97154290666731,6.614990234375,31.5445271870643,161.85951183154992,1.1075120065672635,2.50357135080868,Brackish,29.64305478,-92.16681742,32.685,0.17,11.165680488,14.630400000035381,0.0,3.9845629940989724,8.476137303137737
CRMS0536,12.137123877683091,6.3,125.57,0.3761873539388189,0.0,6.5402140617370605,0.0,53.0,1.4365467140758261,3.118303284647108,Brackish,29.58495867,-92.26060325,34.625,0.14,0.12837816336000002,33.19272000011274,1.2191999999990308,17.535448733855322,12.929030862077843
CRMS0541,7.5544120319883685,14.75,132.28,0.3027748567444452,56.2202093542604,7.283552290863953,10.7410394060039,181.77373507674167,0.0,2.7398978702672463,Saline,29.61802078,-92.04006767,8.61,0.83,23.048674248,3.6576000000079767,0.0,1.5134339724530688,5.592079276785097
CRMS0542,12.020958083832335,0.2,103.63,0.4717299145460129,0.0,6.058099361251267,0.0,506.0,1.753888211354775,2.9088444882073543,Freshwater,29.80272177,-91.63563156,77.825,0.07,16.154503632,11.58240000000561,0.0,5.041798247847399,6.614412828450947
CRMS0543,22.348997227356747,0.8,112.77,0.619316928324091,49.90614700893959,6.809360504150391,6.02396895697888,191.6447477942691,-1.9090169604803433,3.108313129103866,Freshwater,29.75181892,-91.63558254,46.195,0.155,19.360060848,5.18159999998658,0.0,1.7324418284125884,6.6419128082035215
CRMS0544,12.381867980307245,1.2,115.2,0.5321888384898753,33.96872861934209,6.353264708579067,24.2087917284414,318.0984455958445,1.5618259949865654,3.149686241544375,Intermediate,29.68645853,-91.57292494,58.985,0.08,21.206824236000003,22.555200000037352,0.0,7.093325483346209,11.205736378687204
CRMS0545,21.768331793924467,0.3,149.96,0.6270806028614251,28.7698539377848,6.55767474222935,38.5449972756396,338.17637452366915,0.5235217113606961,3.1670883466415223,Freshwater,29.71193585,-91.60114671,39.295,0.15,21.678128856,21.335999999948488,0.0,6.38043234985986,11.246042357874623
CRMS0549,18.450719120135364,3.2,111.55,0.5838618760369778,47.77520583412856,6.963329792022705,0.0,226.35234283804093,-0.7410495540682679,3.2577791592511525,Intermediate,29.83169952,-91.85435999,29.994999999999997,0.215,23.267631899999998,11.582399999984013,0.0,2.978845170654692,8.090145794202984
CRMS0550,13.2049605767728,0.4,118.26,0.5644721737315238,45.6237870762266,6.805922985076904,28.8927133804623,291.56215921480623,0.7190937823577346,3.240196535428837,Intermediate,29.76538656,-91.69695255,19.52,0.385,20.7626712,13.990320000028198,0.0,3.538579513227875,7.953260681579641
CRMS0551,2.128279883381924,0.2,137.16,0.5527552980273942,45.62556325721741,6.202428064848247,16.0634773825382,57.15017376989373,2.008330373422721,2.9809488284180157,Freshwater,29.70205129,-91.53977438,58.59,0.17,5.9658504,6.705600000009632,0.0,1.8591919019792646,5.857125246782073
CRMS0552,13.333150504607284,1.1,190.8,0.4511601260063477,51.9445849647522,6.771852970123291,8.047014819708,290.7275229357839,1.1469584779150324,-1.8287286355560717,Intermediate,29.79544079,-92.13564655,20.89,0.27,18.237202032,31.181040000026236,0.0,10.109140645813063,14.939556639044568
CRMS0553,6.462516430359438,5.4,117.0,0.3584157635266823,0.0,6.421034812927248,3.646252874848795,3.586594139322699,2.1662161538698923,4.2594248471770175,Intermediate,29.84979835,-93.00641871,54.14,0.09,0.1091634342,42.94632000010199,4.267199999992636,23.19123232803182,15.760734030924954
CRMS0554,8.306592373791624,1.5,154.22,0.3839169053844758,43.76719501604349,6.927803039550781,73.1620996214372,87.9054174861464,0.0,3.9236213541917158,Intermediate,29.82983714,-92.66589074,20.985,0.29500000000000004,0.19936693679999998,37.581839999947576,0.0,14.641272278211758,16.495572902813024
CRMS0556,8.318723702664796,0.8,121.31,0.376962083012803,47.65618894346462,7.29918622970581,97.0169634860872,4.068896198830413,-1.6310299872757124,4.103406252199059,Freshwater,29.91513851,-92.78771314,85.405,0.05,0.10303081248000001,48.52416000007433,0.0,25.170988770075887,18.76548034353466
CRMS0557,8.873192815249267,0.6,87.78,0.4157721761866044,41.33257199986776,6.827804088592529,89.5400037981404,5.537553849035389,0.029164476037007697,3.8865811037134343,Freshwater,29.94065397,-92.66696104,87.83,0.03,0.13385293523999997,29.474160000022323,1.2191999999990522,16.339669873063674,11.708788500879377
CRMS0560,6.954746728901213,0.5,76.5,0.3698995224573037,28.50003525851066,6.6946645072365785,99.9999960095772,1.9113521600897696,1.475947515410355,3.6487022100020847,Freshwater,29.85088999,-92.54184644,90.8,0.06,0.06183206328,53.309520000109096,0.0,30.760448929068698,18.416391252169596
CRMS0562,10.777237310525491,3.9,147.52,0.3448336628086819,34.61496756643619,6.392087936401367,89.7560537775347,26.29317826766197,1.984248996312057,4.088373787369425,Freshwater,29.76634534,-92.76050175,52.46,0.13,0.19197532344,40.23360000012161,0.0,18.149377393965164,16.273829843767217
CRMS0565,6.92501159554731,1.7,81.2,0.3687155688075009,0.0,6.933754444122313,98.7328755852411,1.901395348837211,0.8870114471287152,3.391584922107191,Freshwater,29.79920039,-92.45114993,68.07,0.06,0.07083929952,39.56304000000693,0.0,22.96330976411856,14.758777799690224
CRMS0567,13.003124999999999,2.1,88.39,0.3155296573682893,0.0,6.501899719238281,98.3606546179343,2.7987656629885915,2.5044497980923475,3.3491404252069352,Intermediate,29.90245241,-92.45091609,68.2,0.08,0.10574362392,47.8536000001365,4.87679999999615,26.20680422398116,15.96224531555461
CRMS0568,11.017494561276287,3.3,190.2,0.3842565181433191,45.67511769575231,6.983438968658447,85.4270748819049,123.97130532633432,-1.4555432338711318,3.2719187875543594,Intermediate,29.78551873,-92.4168036,28.81,0.23,0.323054472,39.44111999993111,0.0,17.557448121967933,15.969095986009822
CRMS0570,13.531149314831055,0.9,107.28,0.4129826387830299,0.0,6.532052040100098,99.9999988340912,0.0,0.8363009836126152,3.164907651527387,Freshwater,29.80095002,-92.38861036,61.23,0.16,0.0770798052,65.25768000008553,18.592800000015284,41.73157441071246,18.599186616322058
CRMS0571,9.050899071925755,3.4,129.23,0.3762769580348878,39.28139798161388,6.344217300415039,95.4561012049766,5.776391733382988,2.178992085895603,2.813195305562917,Intermediate,29.70917358,-92.29177347,86.055,0.05,0.0699985392,28.346399999910318,1.7678399999997836,14.783122083033076,10.752485258875883
CRMS0572,12.845560288335516,2.9,107.28,0.3507313142320586,0.0,6.361687660217285,97.080018674453,11.883720930232624,2.305770470589799,2.6371970056197425,Freshwater,29.7890698,-92.288667,51.955,0.155,0.12596091648,38.40479999998709,7.162800000011525,22.317887598728642,12.994317698033461
CRMS0574,11.374832282951562,2.1,125.57,0.3839322042940965,41.52888866544916,6.776360511779785,0.0,37.96520963425572,-0.3623434430630694,3.8612881743532435,Intermediate,29.79540895,-92.63561562,51.730000000000004,0.11499999999999999,0.20699489208000002,41.81856000007174,0.6095999999995154,19.426019014035266,16.601628929201997
CRMS0575,7.9454667863554755,3.3,106.7,0.3481330738287557,0.0,6.5914232414008165,0.0,39.0,0.43924146409086523,4.2994374055790505,Freshwater,29.94057725,-92.94796131,84.52,0.06,0.09673084032000001,48.28032000006288,1.524000000003356,28.86989211722487,17.162792025626803
CRMS0576,10.340534957168815,7.1,159.71,0.4230330325680313,40.33634308081407,6.909261226654053,82.3515972334293,21.76355140186908,0.7728278680717738,3.6656706620627277,Intermediate,29.59127106,-92.48028291,25.39,0.19,0.11507257656,26.913840000041333,0.0,12.427317708366262,11.370611417622694
CRMS0580,9.026584653511435,4.7,125.2,0.3134891969535779,36.20372524721869,6.492877960205078,0.0,35.33575825405784,1.5005190875364374,3.232693775367081,Intermediate,29.60672597,-92.32305318,51.144999999999996,0.11,0.9839931552,23.469600000009194,0.0,8.243045812739513,11.2205998135561
CRMS0581,12.672893620474266,16.5,125.57,0.3113755537977211,39.26173225525887,6.6757274196923655,86.1964412652296,49.82810413885331,0.6431396053920672,4.061768477361906,Saline,29.66567276,-92.72822025,18.515,0.415,0.7187647296,27.249120000006734,0.0,12.27120588417789,11.56001882772245
CRMS0583,8.21972002434571,4.6,129.84,0.3837632688050317,0.0,6.548739910125732,67.6519099855388,8.816102470265307,1.8308355122868116,4.305684237022577,Intermediate,29.83890717,-92.91797363,70.425,0.07,0.10775585256,24.749760000050742,0.0,8.298316358825616,12.703680080996817
CRMS0584,6.127899877899878,10.0,126.19,0.3762100200255593,41.32381062547467,6.551572799682618,0.0,76.34688581314629,1.6847577246429848,4.232120766872129,Brackish,29.79361294,-92.85634267,35.565,0.165,1.8863398392,24.01824000001242,0.0,7.890760904265832,12.387310217308464
CRMS0587,7.099730421560132,7.6,117.04,0.3840642875328797,39.33118844827017,6.628835878874126,0.0,7.651294203426905,2.2303879894346013,4.308434005556732,Intermediate,29.79815658,-92.91277115,22.82,0.335,0.11078522928,32.369760000067,0.0,15.429275219322426,14.427186708484351
CRMS0588,8.24869495210806,9.0,126.18,0.3505400842170415,31.8946057823861,6.451963990926743,0.0,16.368851034243104,1.9055961773356422,4.184675437784096,Brackish,29.77367284,-92.82315371,47.78,0.12,0.19544041176000002,29.260800000064265,0.0,11.978416474824627,13.265514589902654
CRMS0589,9.720270961145195,23.3,73.48,0.4513861015534257,34.96193554590619,6.99301290512085,0.0,51.40241228070175,0.15928705378515515,4.205485471758266,Brackish,29.66476831,-92.82300356,17.395000000000003,0.34,0.26286336048,23.75916000001388,0.41147999999989027,11.006832194279731,10.645898616362134
CRMS0590,27.80995590720178,1.6,127.4,0.4357738379037856,51.97488223360571,7.00794260664863,99.634660353526,26.68343393695485,0.0,4.162604042257327,Freshwater,29.93241531,-92.82719959,30.1,0.2,0.333825342,48.18888000010712,5.181599999985802,24.30596180243613,17.360933317033815
CRMS0593,12.323014018691588,0.2,110.94,0.5448543426050529,54.12840479815447,7.008938789367676,20.396090272684,19.45869723435225,0.1461477186270931,4.058281404638781,Freshwater,29.99218938,-92.76050063,15.215,0.45,0.30816255360000006,45.841919999893356,0.0,22.121374002771848,18.829208421649888
CRMS0595,10.98312387463231,1.5,136.55,0.3957254771916575,26.46981897992564,6.777890205383302,75.2201246034572,51.49832244393536,-0.9094189558815817,3.8536422230363114,Freshwater,29.85344936,-92.63643023,56.795,0.08,0.20421816408000001,40.233600000129265,0.0,16.81443933254111,17.487322701936815
CRMS0599,10.936112872542802,19.9,74.37,0.3378410337765336,43.78493840932846,6.951438885367378,37.3937835002275,162.40997942387048,0.4287926788280111,3.9942654964620483,Brackish,29.60664187,-92.66582345,20.795,0.295,7.023143687999999,27.736800000075604,0.0,11.647539532562416,13.174105276220976
CRMS0600,12.912378714419283,24.5,94.49,0.383994982582081,54.26923496447111,7.086262702941895,1.731160543551825,3977.0,0.16304780832327898,3.8050846698570786,Saline,29.5776537,-92.541867,15.325,0.4,24.715207872,11.61288000002215,0.0,3.3649835554501206,8.449202958008556
CRMS0603,7.321396410318474,3.5,149.35,0.3545086593908648,30.629848601729783,6.574991226196289,85.4452045040502,26.6657691617302,1.2452199245776918,4.088103787539841,Intermediate,29.80276083,-92.76061175,75.35,0.08,0.29423764368,39.623999999973925,0.0,17.69090069017235,16.598912882823186
CRMS0604,10.519372524278047,5.0,140.82,0.3409480500915756,32.97344336455723,6.39225149154663,20.46232853353505,25.80940416367519,2.0849545407924452,4.082472355237404,Intermediate,29.75737599,-92.75636516,33.275,0.2,0.16665729432,42.06240000007617,0.0,19.329760870402932,17.156732455827303
CRMS0605,6.345034319097263,4.9,109.72,0.356443729974848,20.197964088828464,6.600672245025635,4.43578593682323,10.591112584977656,1.3384212414183414,4.297482882099711,Intermediate,29.86078191,-92.91573999,40.285,0.165,0.18624814668,31.699199999929373,0.0,12.946880908980983,14.57194873453392
CRMS0608,7.928098260549745,6.4,132.89,0.3763103653950576,37.06766950334821,6.521448787889983,32.8455827595988,416.0,1.6042441911223793,3.9536928889353042,Brackish,29.67202149,-92.66671323,33.39,0.22,0.24135834888,33.101279999987035,0.0,13.693852237201938,14.277372868197856
CRMS0609,10.040453074433657,15.5,96.0,0.3348174611081178,41.45907428385416,6.631459236145021,52.1912841529369,65.3672499459927,1.43316692100269,3.8592275597421746,Brackish,29.63941417,-92.60437974,24.53,0.21000000000000002,1.6904470128,21.03120000003281,0.0,7.496755878845167,10.077723294915632
CRMS0610,10.54203636700296,15.2,92.8,0.4207279700258712,31.784047249209497,6.88460373878479,79.40521086737294,92.0,0.8299062615352031,3.9429526582003356,Brackish,29.60667044,-92.63554245,14.165,0.455,0.11987073816,24.536399999927095,2.4079199999958454,14.460903215468926,14.215375951388447
CRMS0614,14.186797766945016,21.55,67.1,0.0916958993507756,43.46259684949728,6.908763885498047,39.1732278928529,53.52461951656053,1.732783034410218,4.27554614147606,Brackish,29.73735304,-92.88563681,33.445,0.185,0.23361051576,15.9410400000211,0.0,4.735782926761421,9.277285082908689
CRMS0615,3.2080078125,16.4,99.4,0.3839555960315494,36.05613151786252,6.901709079742432,66.4190185573321,15.177977378576069,1.0076031319445695,4.199132557190239,Brackish,29.68024482,-92.82200478,18.295,0.435,0.13896124608000002,25.298400000044463,0.0,10.021754094774607,11.218619579132094
CRMS0616,6.069066604127579,4.0,123.13,0.3721682117100136,37.235946439302886,6.388854503631592,67.3990417650787,126.42629281396384,1.7363717216968353,2.555817973216052,Intermediate,29.73009327,-92.26050317,59.120000000000005,0.11,3.521159328,25.90800000004963,0.0,10.131713675785065,12.306865906944108
CRMS0618,11.774193548387096,6.5,110.33,0.3700123442440917,0.0,6.390037963908825,43.9755419736777,144.74983210208202,1.7272200465483472,2.5260958732752337,Brackish,29.73746635,-92.26051113,46.815,0.135,6.60896316,18.260568000027252,0.0,5.823281115892603,9.93470262865343
CRMS0619,10.854890233714082,3.1500000000000004,137.76,0.3721247431238532,43.53120626692339,6.402170181274414,99.9658458564908,2.573283858998145,1.9784294412633117,2.7465657902578586,Intermediate,29.68634841,-92.26162955,76.39,0.07,0.12559884455999998,28.651200000046185,4.876799999996132,16.134535491396907,10.703936418306185
CRMS0622,4.261343062121124,4.5,136.6,0.4151194764942419,0.0,6.482010841369629,0.0,96.0,1.9453328015126883,4.314392415077998,Intermediate,29.80993416,-92.97937514,15.225000000000001,0.545,0.08343951816,32.004000000058,0.0,16.123297771491945,12.57554035852758
CRMS0623,10.950000000000001,9.3,115.21,0.291693207095651,40.00393405096872,6.963339674061742,68.5550417043637,65.82754086041524,-3.534765721897903,3.6666205433118937,Brackish,29.6357313,-92.50960009,28.045,0.23,0.18325336476,24.627840000024932,0.0,9.413452681528419,11.944357740440068
CRMS0624,6.710159209814179,4.5,135.33,0.3820479105115283,0.0,6.623388767242432,90.3666580463829,7.386383124678424,1.3190180247667396,4.257467881437621,Intermediate,29.86077719,-92.88555846,67.555,0.07,0.10008345744000001,34.13759999993563,0.0,14.164827662060148,14.435569179640828
CRMS0626,6.236111111111111,4.7,199.6,0.3960807617193952,0.0,6.6807732582092285,37.9781565288215,211.9053708439886,1.183546700627907,3.822012319798437,Intermediate,29.69377156,-92.60439445,20.75,0.345,0.15508044168000001,30.51048000002677,0.0,12.764414701249073,13.939817812656461
CRMS0630,12.125300000000001,8.6,115.82,0.3095964503150576,32.977711109038324,6.458651542663574,15.80220911334515,223.8624567473697,1.8764519135616962,4.139292115623075,Intermediate,29.78267231,-92.79319708,51.59,0.11,10.512591624,28.95599999993873,0.0,10.005253567873503,13.788673818518513
CRMS0632,8.215434083601286,7.7,123.13,0.3838055281107187,37.11579379356071,6.793411731719971,0.0,4.336633663366344,0.9432178675184054,3.4882821409146687,Brackish,29.56856574,-92.38552445,28.275,0.23,0.15236090940000002,28.346399999931823,3.291840000004176,14.983592206377752,9.783110444275847
CRMS0633,11.995715218899583,9.3,105.2,0.3915356149502207,37.009118283589686,6.738356113433838,68.3940925461256,102.55227882037792,1.1297238199239437,3.3495844745931147,Intermediate,29.56309691,-92.32304447,30.805,0.24,4.259005452,24.68879999995866,0.0,9.490799234484802,11.301854264794791
CRMS0635,5.464071856287425,7.1,123.13,0.3496611417128797,28.60682726103684,6.615537233527514,4.895960682498145,80.0,1.3503566961978677,3.2684576613773126,Intermediate,29.91886925,-93.47933941,59.15,0.1,0.07421242968,25.69463999993791,0.0,12.770511258073773,11.01544657878475
CRMS0638,7.445999441844817,6.8,108.4,0.3612108130065655,24.50971101027269,6.518472194671631,22.745468869155577,558.0,1.3643802456069263,3.3284114500736135,Intermediate,29.86796167,-93.51054328,53.81,0.095,0.3544619784,26.700480000024612,0.0,10.619669959249402,12.32841842361242
CRMS0639,4.980626684636119,7.7,120.7,0.3775305081469835,0.0,6.573893070220947,0.0,312.0,1.3470781184877638,3.342573675577316,Intermediate,29.88972852,-93.47942776,48.965,0.12,0.11725780967999999,18.714720000029708,0.0,7.564225415299219,9.347326612318525
CRMS0641,6.442724426317308,8.05,104.8,0.1383113314708074,24.44509200444035,6.618869304656982,55.020968604136,34.85232421547175,0.9507979833380807,3.2410096176453926,Intermediate,29.89684356,-93.51049238,45.665000000000006,0.135,0.21042364824,22.92095999993667,0.0,8.159101172723037,11.890052766243898
CRMS0642,4.619812233690999,7.1,137.8,0.387315087221465,0.0,6.644515514373779,0.0,290.0,1.3075225676558722,3.3996849149481974,Intermediate,29.86793445,-93.47931317,33.885,0.18,0.07774768296,22.25040000000743,0.0,10.392201423723415,10.176424798529327
CRMS0644,5.47203133010928,18.4,87.6,0.2087420337948796,39.15818767220993,7.021475315093994,19.3106815128164,396.0,0.0,3.841634501015988,Brackish,29.83166774,-93.2928777,33.595,0.16,0.6173477112,31.9430399999442,0.0,15.070766743553875,13.2187167214324
CRMS0645,6.611197364090661,13.75,95.4,0.1738925602216765,33.01339315141951,6.913357257843018,54.4811045269882,37.87297837543197,1.3306719477213942,3.9854509575571493,Brackish,29.84613936,-93.19803051,36.515,0.175,0.47914636199999994,26.69438399995501,0.0,9.768280082826504,12.351077504045914
CRMS0647,5.469785714285715,7.2,125.0,0.384053095234948,0.0,6.71414852142334,10.86537289543965,128.0,1.2480171223074232,3.454746746263624,Intermediate,29.84632049,-93.47932348,39.705,0.125,0.0856550484,25.2374399999499,0.0,13.514532526369665,10.08322014508427
CRMS0648,4.172134476534296,10.4,115.21,0.1858168471742722,30.827526815663216,6.728924512863159,22.98557313536995,329.0,1.224116860893181,4.038431858937732,Intermediate,29.83796734,-93.16890594,54.885,0.11,0.22875363444,34.44240000005574,0.0,15.220668694738405,13.436172659295288
CRMS0650,6.529516994633274,7.6,181.05,0.4072732489262736,35.02628913879395,6.734422596381673,0.0,172.0,0.275701643801869,4.035239817281435,Intermediate,29.91884958,-93.13554882,59.545,0.09,0.11726917872,29.29127999996374,0.0,12.287897633770656,13.456179059891946
CRMS0651,5.8090185676392565,7.7,121.8,0.3819463847872511,30.72405263167161,6.773142814636231,7.7121122561485,468.0,-0.6248217151562321,3.0487412158414413,Intermediate,29.96234457,-93.51068196,31.425,0.235,0.20635566551999998,23.164799999956035,0.0,9.235239564883505,11.35851067010365
CRMS0655,6.717805989583335,18.2,69.49,0.2667505989472071,41.3884670954074,7.102800946486624,76.3779494147879,32.888808794377915,0.47675671371054645,3.6717056836344075,Brackish,29.79910767,-93.41683832,16.925,0.225,0.5570954568,27.09671999997169,0.0,11.678042275569457,11.608542289990478
CRMS0656,6.135382828774613,14.1,138.37,0.3692978049317996,35.19126115662711,6.947887764625517,5.2574494205109,1955.0,0.012585816498267196,3.749904894344067,Saline,30.02043217,-93.26058804,23.835,0.265,4.3592115,16.154399999976164,0.0,5.282347443478164,9.056666480137158
CRMS0658,7.952616014558689,4.3,126.18,0.3839420180276867,30.801641441667584,6.776906967163086,51.3927540812845,180.34650683649912,-0.4003873697609034,2.2144396136747586,Intermediate,30.05587371,-93.60428757,28.605,0.185,10.230935087999999,29.047439999940575,0.0,10.883132560173939,14.691449176316475
CRMS0660,2.863817373639481,5.0,141.42,0.3651186007791628,24.441543540064146,6.837657850264451,33.1418406080996,35.63356736877219,-0.22143389723208456,2.464686866986859,Intermediate,29.91791228,-93.66820979,54.835,0.14,0.788774394,13.594080000049287,0.0,3.8908729319758404,8.362659089010887
CRMS0661,7.467700446315987,7.2,128.6,0.3838105679743968,24.3544259153907,6.578872680664063,77.6306343009794,39.569469835465725,1.4806109457240466,2.9306205158652188,Intermediate,29.84971727,-93.6309107,46.44,0.12,0.454428606,32.00400000006096,0.0,13.83530436422837,14.058133072882141
CRMS0662,7.487789855072465,3.7,128.01,0.3497131055436937,24.427737468791,6.742735687055085,35.5640528572839,47.650309046637474,0.9922361361026337,0.8425630200399937,Intermediate,30.03621411,-93.69396706,47.065,0.12,2.518152444,17.678400000040288,0.0,5.4288916669567,10.97370493787688
CRMS0663,7.11750914458907,3.4,118.26,0.3143406055867672,20.226256527193108,6.718299865722656,0.0,733.0,0.8921500767288884,1.4232415291473182,Intermediate,30.01314764,-93.69914636,51.715,0.12,2.2731913896,25.6031999999284,0.0,9.053474880349246,13.577544376164255
CRMS0665,5.456218631029615,4.3,114.6,0.3693466598935888,31.65378338754177,6.827879497389399,96.2136799792533,21.8784581335302,0.3327273227932498,2.126300805814599,Intermediate,29.95887354,-93.69387478,79.65,0.08,0.11904823536,30.78479999993509,2.743200000003414,16.369944792865322,12.958597080188582
CRMS0669,13.619990537018403,9.6,113.99,0.3143029081470826,27.212348887370155,6.738500434913792,60.8789947388243,28.14927453646403,0.4450299791508331,2.220345990703319,Intermediate,29.88165018,-93.72827913,62.91,0.11,0.30733726188,23.46960000002435,0.0,9.125309634999248,10.626636293569824
CRMS0672,5.492756364797715,17.2,88.39,0.2243666815598639,41.50870039876303,6.9942889213562,36.162756536752696,587.0,-0.009319049616732912,3.613600131884537,Brackish,29.83175045,-93.41668397,22.0,0.33,1.037229066,24.444959999980007,0.0,10.112920563380179,11.584638641301376
CRMS0677,4.1333471510400965,6.9,126.18,0.3775582746912235,0.0,6.523843288421631,0.0,280.0,1.518343102172335,3.2514196440103933,Intermediate,29.85357897,-93.54167268,69.35,0.07,0.23550384192,29.931360000080577,0.0,12.79153145874417,14.762276679800769
CRMS0680,9.806587427360048,7.5,103.8,0.4668212253643014,65.01124755047738,7.093296527862549,57.7739719432195,17.131852382658444,-2.987668800429685,3.49254304095141,Brackish,29.77360824,-93.51258715,9.6,0.93,0.1173627828,19.08047999997536,0.0,7.0744411781060315,11.038340856155884
CRMS0682,4.436545121611798,3.4,136.55,0.3837741914824552,35.042332063872244,6.567665576934815,32.8252265205349,10.3427787934187,1.872039383262595,3.2046626932152744,Intermediate,29.82442804,-93.57611516,32.465,0.18,0.10529197128,23.926800000070802,0.0,8.107578743017784,12.212670537642767
CRMS0683,3.2429534313725488,5.6,113.39,0.3839093491745997,26.56876130874905,6.770277594306656,60.6433729314549,52.22585779978945,0.6177175452525313,2.594425631871992,Intermediate,29.88875316,-93.66664802,68.62,0.09,0.6991063488000001,21.64080000002997,0.0,7.860524457997254,10.6281295138131
CRMS0684,9.84375,8.9,90.22,0.3369144708286919,35.15571815089176,6.640467802683513,65.4150870890448,217.6074297188528,-0.7463080116938321,1.7325624847580772,Brackish,29.818053,-93.82521223,46.47,0.14,12.442656852,29.870399999973323,0.0,11.723898828824188,13.988105278628797
CRMS0685,4.917430460556315,22.0,89.61,0.3222905826359559,39.37406396610304,7.199377164697271,33.7811629670199,204.92597466689065,-1.2214244173734732,3.5722381073349183,Saline,29.88973863,-93.38551265,22.5,0.315,13.467987288,18.013680000009984,0.0,5.171705596656709,9.795051747681716
CRMS0687,7.036674868100649,15.7,141.42,0.3340761676447509,35.14486305044371,7.241815090179443,38.7749626219681,232.29680696659744,-0.8491046753251752,3.571246797243529,Saline,29.93870426,-93.35738269,27.18,0.255,14.849133624,21.33599999995276,0.0,6.472334720277121,10.039792197662846
CRMS0691,9.279809489657254,3.3,187.14,0.4755604217262807,0.0,6.703227732295271,23.5671260235647,23.0,0.8077423449083445,4.066720644597373,Freshwater,29.96246711,-93.10442609,68.005,0.08,0.09723481188000001,45.68952000004857,3.3528000000032248,24.905944996118432,16.340748832441964
CRMS0693,6.0104790419161676,6.15,152.095,0.4035287036898604,0.0,6.569702115873136,99.9999977477478,3.063392857142861,0.8227468996051162,2.7454471135249614,Intermediate,29.89692908,-93.63555848,57.11,0.12,0.06762942024,34.320480000033356,3.4137599999918926,18.856408747039445,12.194203285503187
CRMS0697,7.564270724029381,3.1,124.36,0.4121040889585362,30.797609077120622,6.7032630443573,44.2104059636752,119.56049240238978,1.2738525532173468,1.0638823793387755,Intermediate,30.06181929,-93.66890447,34.144999999999996,0.17,6.2597995200000005,23.713440000031195,0.0,7.978620136918401,13.679151763174703
CRMS0978,19.688463232056364,16.2,101.465,0.2136083064515969,28.723717651915887,6.764020004868962,66.4162105371561,200.79254079251223,0.2618279047405002,3.883660196547885,Saline,29.32355796,-90.29246015,43.975,0.135,16.25309424,30.144720000036404,0.0,11.79671356424576,13.28332058043787
CRMS1024,13.096187300666859,15.7,68.2,0.280097781007542,32.79574003521141,6.8522047996521,38.5774627402961,283.1436339771396,0.0,3.6617464851300268,Saline,29.874691,-89.378815,16.735,0.35,26.528277144,23.774399999971802,0.0,7.010416748041513,12.891004725447722
CRMS1069,11.796782762691853,25.7,64.61,0.1902750443290019,32.98222701683254,7.033530374998697,29.0200569739822,258.3445884284999,0.0,3.5834557685710897,Saline,30.04591891,-89.221536,5.105,0.925,26.2656066,16.82496000003523,0.0,4.555287642134573,10.458065254696503
CRMS1100,11.44544673539519,1.2,131.06,0.403440784797611,0.0,6.947448253631591,54.8173509724047,14.39627906976753,0.252112023170345,3.49169990849727,Intermediate,29.658394,-92.450139,61.585,0.11,0.1091863704,25.877520000035226,0.0,9.174949390386347,12.268602947341614
CRMS1130,14.220779220779221,2.6,80.8,0.3505710833891426,0.0,6.491963863372803,84.4112569280729,32.82053688755458,0.29202577320690987,3.2269528206102236,Intermediate,29.70112344,-92.38556013,41.16,0.14,0.13089832596,41.39183999994886,0.0,18.874516148348896,16.815043574166886
CRMS1205,4.921979807829037,6.4,119.48,0.2014209407542453,23.249129507363246,6.600512593766781,43.1754378390274,30.86200585651606,0.9497657940123347,3.0810812495225024,Intermediate,29.87527182,-93.576231,46.165,0.135,0.17678826720000002,20.20824000001197,0.0,7.259230460037202,10.196608165508295
CRMS1277,5.4849726775956285,0.2,87.6,0.3462118531903389,0.0,6.679531922135978,97.9353773715692,2.512090773809524,1.3629268483517085,3.48621915109251,Freshwater,29.82457667,-92.47922496,86.95,0.05,0.060441931440000006,36.45407999995913,0.0,19.506172112033617,14.329570162542995
CRMS1409,7.0311843100285625,6.45,187.75,0.3566410742520511,0.0,6.42638111114502,0.0,10.725436179981624,1.9625666056625257,4.244387836012201,Intermediate,29.86898482,-93.01058254,50.525,0.11499999999999999,0.11340364416,36.880800000047955,0.0,17.04393805740092,15.583856322244507
CRMS1413,3.9041721965903573,4.6,108.5,0.3506978720480016,24.566058174295627,6.448458466594575,0.0,83.0,1.606992665372863,4.231688414800324,Intermediate,29.89702478,-93.01055444,61.75,0.08,0.08758735848,38.0695200000077,0.0,15.745919227066096,16.19866057048012
CRMS1446,12.68716577540107,1.1,118.87,0.4117625508891413,47.78313614368439,6.998484134674072,34.5564703019166,105.26492287056334,0.0,4.163024517009704,Freshwater,29.92696429,-92.82718303,37.04,0.14,0.32425553640000004,38.282879999895535,0.0,15.579530850064653,16.356009071446998
CRMS1650,13.258781146802763,3.6,112.77,0.4783789378041646,44.48136773696313,6.954501736221895,28.0847635718245,255.4112641815602,1.1417780285784571,2.156199250981963,Intermediate,29.81078512,-92.04063278,36.825,0.16,20.078297664,16.764000000032617,0.0,4.392824310831679,9.831598178193362
CRMS1738,4.559719683120049,13.8,97.6,0.3174877943688554,35.033405171898934,7.056298817403496,44.4342956452301,34.50616148611324,0.05194937298658153,3.9269246298070093,Brackish,29.85338086,-93.229249,34.09,0.14,0.9276094224,22.098000000020424,0.0,7.4302529393654515,10.331060044739518
CRMS1743,3.8849157697125065,14.75,102.41,0.2130507677793502,33.07530734310566,7.144179344177246,53.9910922234659,78.9572538860079,-0.8277836841450581,3.891308351797207,Brackish,29.88966754,-93.23033656,39.61,0.135,1.522794516,21.305519999962634,0.0,7.173375902535738,10.005625476923132
CRMS1838,5.380867864387134,3.6,131.67,0.3468768087610022,30.71413422546387,6.665426731109619,0.0,33.0,1.3596898064139205,2.8143345565957474,Intermediate,29.78546001,-93.69608947,45.08,0.18,0.10535108724,38.008560000071036,0.0,15.49402687088926,17.23913664756476
CRMS1858,4.523725212464589,9.0,146.3,0.3837684175658118,0.0,6.567777633666992,10.8289240349333,102.0,1.6227957926369452,3.375337868476046,Intermediate,29.83906263,-93.51057102,32.345,0.18,0.06561469224000001,22.70759999997457,0.0,9.89040320230171,10.31876354077097
CRMS1965,14.068300243290428,4.3,95.09,0.2002735563686915,36.99418806656554,7.04127844963365,0.0,63.73916907353832,-2.673881719054833,3.585699796122003,Intermediate,29.63690827,-92.47520341,53.370000000000005,0.1,0.13166756496,25.603199999937654,0.0,9.78452641070216,11.359667470533674
CRMS2041,10.509129213483146,3.8,256.03,0.5215600403568338,45.6714573457761,6.910870552062988,21.053355046021,231.1107921928932,-0.5167750916558832,0.9440040415269563,Intermediate,29.769869,-92.16266662,17.87,0.35,20.154462612000003,13.10640000000796,0.0,3.3640355228062946,8.982110181499056
CRMS2154,4.253444316877153,7.2,128.01,0.3305026044448216,28.594541911741267,6.5756001472473145,0.0,35.758398712533214,0.4827572676603689,2.6183433943455885,Intermediate,29.84386012,-93.69387514,49.099999999999994,0.12,0.4918868496,26.060399999988075,0.0,9.474415440170306,11.5858535508241
CRMS2156,8.7687471860485,9.3,121.31,0.3692889709170514,22.380088833895577,6.777824100695159,0.0,36.42814960629874,-0.8980213697144018,2.477362135410836,Intermediate,29.87620347,-93.69914153,60.455,0.1,0.30870683496,20.756879999947515,0.0,7.028327456506647,10.716827415748094
CRMS2166,7.987400530503978,4.9,119.48,0.3351075667215277,39.3867725454058,6.743263244628906,0.0,761.0,1.3669636633678393,1.812800689892831,Brackish,29.98232659,-93.69807016,63.035,0.06,1.8070354512000002,34.32048000000215,0.0,14.750707481018496,15.713632931833235
CRMS2189,6.219257812500001,9.8,98.14,0.3691227553677788,32.9615281904689,6.787138938903808,14.06738851904465,126.54450724124976,-2.253650763387316,1.356063594585306,Brackish,29.92613813,-93.76062613,50.095,0.10500000000000001,11.224851311999998,22.76856000005573,0.0,8.520785998387309,11.234274967287009
CRMS2219,6.768447714451025,8.55,97.53,0.4511956268190196,41.3713424021403,7.046976983042747,37.0175835005985,12.032145782145845,-0.3306034950392337,3.192420439087776,Intermediate,29.76826391,-93.60326754,20.335,0.41,0.06591083592000001,14.630400000031077,0.0,4.219864672883908,8.002058354536757
CRMS2334,9.169011254019292,9.5,118.87,0.2832054880104567,27.574188029004148,6.528912050888488,80.0799077616449,36.0193365560929,1.0296500037628815,3.281533663993896,Intermediate,29.88259547,-93.51164198,55.015,0.12,0.24046254168,29.19983999996669,0.0,12.912711946932827,13.354661719959713
CRMS2418,5.495108282674773,11.2,115.2,0.3927171855443773,30.847024620673512,6.78530996724179,43.931269267228,26.244469026548344,0.0,4.010632308728857,Brackish,29.87255019,-93.16894346,37.01,0.165,0.19578684744,23.164799999965872,0.0,8.046378248418375,10.809205777732304
CRMS2493,5.234418091560949,5.3,144.48,0.3838239749624551,28.52061080550588,6.666390419006348,64.208242217054,35.141760189013645,1.7479739210771557,4.270285441021158,Intermediate,29.82572681,-92.88786514,45.55,0.15,0.4131652392,28.43784000003749,0.0,9.848144442056869,13.514175415891016
CRMS2568,16.92183160736069,0.2,95.46,0.5128155894684213,36.18171635937691,6.291996479034424,51.2785382274139,269.51750488716493,1.7025101033965915,2.097352670732914,Freshwater,29.5640842,-91.35420064,23.84,0.26,14.838682032000001,30.845760000042855,0.0,10.074072378767024,14.957136337774335
CRMS2825,11.752624012132275,7.3,111.25,0.3212125251780542,36.178145283729805,6.502821445465088,37.9794516212391,56.709617180204766,1.1488144653659598,3.8966523518320066,Intermediate,29.49836648,-90.44401348,53.845,0.10500000000000001,2.0309290343999997,14.325600000023126,0.0,4.307101677655431,8.806889668100535
CRMS2830,11.471914686119847,2.6,123.875,0.3887653010012585,31.709198785977577,6.627111196517944,27.5456617860084,61.78788997600405,-1.6134717160080825,2.1103021582507617,Intermediate,30.039864,-90.34471165,29.735,0.23,3.8488284719999997,18.257520000024833,0.0,5.207287441455873,11.704744624111603
CRMS2854,12.237955729166668,2.3,97.0,0.3769422112532517,24.44314316136962,6.035423755645752,54.6575336226309,63.12726613488012,-0.16759989438073442,3.2227172993221966,Intermediate,30.30086444,-89.983418,59.155,0.10500000000000001,2.8706527296,26.517599999960662,0.0,9.036454775379998,14.117648557893249
CRMS3054,12.464561855670102,0.5,115.21,0.498135589723748,30.751633658158184,6.583742618560791,47.5068300602592,110.23400365631456,-0.6554453686946631,3.1580814457912405,Freshwater,29.721914,-90.35731388,49.775,0.11,3.37414362,20.604480000034393,0.0,6.777284503651221,10.053071732123573
CRMS3136,13.685101209253418,0.1,118.0,0.5613815265914915,0.0,5.903501033782959,59.1095883663289,59.848456325300006,-1.5834359373696454,2.2363386843526136,Freshwater,29.949798,-90.638618,52.370000000000005,0.11,0.9547075140000001,23.16479999996321,0.0,7.954014384442496,10.708868487956133
CRMS3166,9.912886204280795,0.2,113.39,0.5643644562600886,22.252922851207643,6.333156492296816,0.0,35.99792369582138,1.0200576951899802,2.210074898198285,Freshwater,29.85863184,-90.28849483,80.38,0.08,2.8889495687999998,32.30879999995997,0.0,9.755945863170114,14.328887104869034
CRMS3169,23.152985074626866,0.3,120.09,0.4980251836838791,47.80128244098864,6.147207736968995,0.0,429.0,1.2188332719283914,1.9407309156377044,Freshwater,29.88890632,-90.27211713,25.990000000000002,0.21,2.035303524,32.61360000008209,0.0,11.63195745667413,14.992209054425803
CRMS3296,15.75375372094122,13.8,85.03,0.2281301522208411,28.658726269863003,7.007676601409912,16.1036466269527,3658.0,0.0,4.066337674469674,Saline,29.39006695,-90.47928759,31.325,0.22,21.504459911999998,24.505920000000557,0.0,7.879758783617158,12.426560348451837
CRMS3565,15.562437810945275,4.2,94.48,0.1661696595990139,30.911205712176383,6.86437749862671,34.5476793873009,2026.345108695721,0.0,3.082604795668766,Brackish,29.498671465,-90.10212084,34.555,0.175,10.839904152,24.536399999911147,0.0,9.375707786124796,11.517786148979706
CRMS3601,9.936076604554867,5.6,95.4,0.2588561028242111,24.52751036467376,6.562574863433838,48.3784580723229,154.0926347760023,-0.6183238176544801,1.875456858903236,Brackish,29.57508511,-89.948146,37.78,0.165,10.613678544,23.225760000040413,0.0,8.092753976949929,11.34453544609465
CRMS3617,19.950716845878137,7.3,99.36,0.2840673210946882,28.65672839246393,6.547108876077752,63.9786807556635,160.21495664740675,0.0,2.0197700428107423,Brackish,29.5477857,-89.91370683,33.56,0.16,10.965524424,25.908000000053434,0.0,10.066748848124476,12.191398108216713
CRMS3626,10.944152566162662,3.8,99.0,0.3843342916819019,32.82482157904624,6.761742554130991,41.9887085545502,142.51813565470326,-0.19239862298331695,3.0499224087693153,Intermediate,30.10752292,-89.85420666,34.57,0.17,7.677601104,24.68879999995706,0.0,7.8143612148955235,13.072841041153621
CRMS3639,7.5118083670715246,4.1,105.0,0.3838045399716133,39.40777064396785,6.141178131103516,29.350347687351,115.8109335270704,1.135915917528008,1.6792622859265993,Brackish,29.90480461,-89.85202213,40.905,0.14,7.2281796,9.143999999998481,0.0,2.4676686648725257,4.595154501957026
CRMS3641,9.566884153046047,2.4,112.0,0.3506885096347021,32.967531153082575,6.253466882203755,55.2458238620816,167.1867054122965,0.9099345850459521,1.718866522047085,Intermediate,29.91879466,-89.85520287,46.57,0.1,9.875736408,17.556480000019167,0.0,6.218490798077461,7.5151657111494545
CRMS3650,13.37189270236626,5.8,109.0,0.3888220095508247,35.1147380361862,6.777009010314941,28.923623981146,199.6445411679489,0.25860437680699294,2.896849672804224,Brackish,30.056711,-89.822904,15.059999999999999,0.335,20.654896968000003,17.678400000040977,0.0,4.799848092398477,11.407351887981738
CRMS3664,7.25,4.85,99.97,0.3770304133965914,40.3663556008027,6.3118070058183,56.3168909223256,162.08227388305468,0.16108885208897925,2.079897398276227,Intermediate,29.91240525,-89.82609188,14.09,0.47,9.239192088,18.989040000020733,0.0,6.845940499151991,8.128955328285377
CRMS3667,12.627525252525253,5.2,113.39,0.282864577883572,30.88737788242996,6.2043616771698,2.281279362162445,26.513157894736946,-0.3292587843822004,2.883002764451471,Intermediate,30.25896,-89.884581,40.2,0.16,1.1699449296,22.158959999975615,0.0,6.632860478942266,12.138508087736595
CRMS3680,12.715928449744462,10.5,105.46,0.270382915672503,30.554182443554144,6.386816501617432,39.0580335645827,202.5161290322669,0.8069896160222482,1.4976527070392738,Saline,29.512395,-89.79175,44.055,0.15,11.762299056,15.941040000021506,0.0,4.790800344151186,8.994537623096504
CRMS3784,8.89623955431755,5.65,97.0,0.2400310088828038,32.97446578172561,6.832399123423809,50.7914169211934,222.88440366970767,-1.5765884344398386,1.1648129128675289,Brackish,30.15665371,-89.66464723,18.94,0.28500000000000003,16.629866664,28.34639999990933,0.0,9.740333675712654,13.993015902094205
CRMS3800,8.399722735674677,5.7,110.94,0.3839403687142019,27.59745582797003,6.608592510223389,59.5181782512832,45.77557755775648,-0.07802941475117861,3.1405325132330932,Intermediate,29.840091,-89.66759594,26.66,0.185,2.1425379552000003,31.028639999919747,0.0,11.787100282577564,15.1784044386298
CRMS3913,15.83785281464771,0.7,103.02,0.549257608353749,0.0,5.864558219909668,34.1463394321035,96.51280633867523,0.5353206215614477,2.5376887290285026,Intermediate,30.16562654,-90.479144,65.095,0.07,4.65624672,25.90800000004874,0.0,8.075432146352357,13.710887374749559
CRMS3985,9.867144177449168,1.03,99.6,0.3839509616737241,32.90657673699515,6.388572497674258,69.9972875542667,100.32722513088464,0.9424381312056631,2.5600620980796176,Freshwater,29.7174964,-90.148893735,64.06,0.08,4.0729753440000005,28.62071999996134,0.0,12.000140550589954,12.451666237722742
CRMS4014,13.677275910364147,0.3,119.36,0.5263143969503139,41.37248586100917,6.350747536098604,32.5570772539146,231.13404825734688,1.283605433196556,1.562388625713833,Freshwater,29.54871615,-91.32304664,28.41,0.155,16.678165271999998,18.867120000013482,0.0,5.040489330358229,10.579231121509192
CRMS4016,16.7816091954023,0.3,108.87,0.5019813176044932,43.42780646156967,6.353713086673191,44.4635755700189,245.07329281368408,1.3689490983343802,2.399846089520991,Freshwater,29.56305153,-91.38546359,32.120000000000005,0.155,15.45246846,28.86456000000345,0.0,8.93306468540396,13.478388022037871
CRMS4045,11.13012104283054,2.5,103.38,0.450950324551591,26.500262281894685,6.647573471069336,18.5043278202877,118.48493462194033,1.2643123330013433,3.2965883894832113,Freshwater,29.38043463,-91.00971378,43.41,0.14,8.610404928000001,9.905999999999153,0.0,2.632963588540332,7.0095442101162515
CRMS4094,11.806559470788578,1.3,95.0,0.5254409039391779,28.65887307901456,6.434787750244141,32.819634328543,176.27036462375696,-0.1331932928405915,3.4921097451125975,Freshwater,30.389363,-90.150843,38.16,0.16,7.672251864000001,22.3662240000446,0.0,6.720217421256461,12.962382735824551
CRMS4103,15.36159995509593,1.6,120.8,0.3660194143007599,26.456952616546165,6.538423538208009,50.5923339071738,90.19881085098774,0.9408014210826762,2.0177030710838966,Intermediate,29.658411,-90.03954017,58.965,0.11,4.712244576,18.897600000011433,0.0,6.238027188456667,10.040585972359107
CRMS4107,6.638237278492039,4.2,127.0,0.1935755872766789,35.05293383786708,6.658498287200928,16.4954336016503,16.15868099836043,0.7614836581526221,2.806093794500927,Intermediate,30.054882,-89.85333444,43.985,0.17,0.10386459288,20.177759999939642,0.0,4.939782563442893,9.49106929844898
CRMS4110,10.486236328206497,1.0,115.82,0.4823286692338918,35.031305255530015,6.21226644515991,14.6297823475119,103.34861544104346,1.0164071135482797,-1.2197013387832365,Intermediate,30.20208033,-89.666439,29.755,0.18,15.796814735999998,5.486400000006678,0.0,1.8891315080527293,7.063087352834976
CRMS4218,17.05421676106716,1.8,106.68,0.3420891303891595,33.017053725981675,6.8524532318115225,52.7833583171805,143.3400809716695,0.0,3.108742484794048,Intermediate,29.56311443,-90.16461681,37.28,0.155,7.823556108,19.537680000052386,0.0,6.522588499150695,10.209509204063437
CRMS4245,13.306183833527584,1.6,107.9,0.4241198844161247,30.80148785410761,6.6805853843688965,0.0,67.98647242455696,-0.3336185856371671,2.652129635098439,Intermediate,29.67193124,-90.13551989,36.22,0.18,5.98320876,10.363200000003697,0.0,3.189845632907149,6.261390573620439
