CRMS Site,Accretion Rate (mm/yr),Soil Salinity (ppt),Soil Moisture Content (%),Bulk Density (g/cm3),Organic Matter (%),Organic Density (g/cm3),Soil Porewater Temperature (Â°C),Soil Porewater Salinity (ppt),Average Height Dominant (cm),Average Height Herb (cm),NDVI,tss_med_mg/l,windspeed,Average_Marsh_Elevation (ft. NAVD88),Tide_Amp (ft),avg_flooding (ft),90%thUpper_flooding (ft),10%thLower_flooding (ft),std_deviation_avg_flooding (ft),avg_percentflooded (%),land_lost_km2,log_distance_to_water_km,log_distance_to_river_km,Community
CRMS0002,12.2127525252525,1.4,71.1,0.265,20.955,0.05115,24.7,5,98,80,0.326557059351715,35.031407845746,6.76530955239417,0.3515,0.232886,0.42,1.12,-0.35,0.6,72.9514895037815,0.2669028034,-0.327204614329613,1.21040097388456,Brackish
CRMS0003,12.3706808943089,6.875,52.92,0.585,10.765,0.0598,27.5,22.1,54.86,45,0.195849857369211,34.9621735685873,7.05240620894719,0.8535,0.8937799,-0.41,0.496,-1.34,0.74,25.7668702357679,0.1366845426,0,1.49029297139102,Saline
CRMS0006,10.2081660244208,1.1,79.635,0.19,29.38,0.0548,25.5,3.3,92,65,0.400423890117481,31.6388127976009,6.86012506484985,0.5225,0.09087319,0.18,0.89,-0.502,0.54,53.5388121742145,0.01394591821,-0.467789397750474,1.4291127105703,Intermediate
CRMS0008,21.0395077720207,0.1,87.24,0.1,74.2,0.0749,23.9,0.4,42.67,28.65,0.529499349992588,30.7742837352753,5.27933931350708,0.441111111,0.006172736,0.79,1.306,0.478,0.42,0,0.006200481079,0.950787452217591,1.29929963060386,Swamp
CRMS0030,19.1625,1.5,81.145,0.17,29.755,0.05305,26.2,1.9,118.26,100,0.419743319233138,35.230996862793,6.63786172866821,0.661,0.2061481,-0.01,0.818,-0.802,0.65,42.5419438917267,0.01624924488,-0.309567184990067,1.5065301897577,Intermediate
CRMS0033,8.5358650558015,1.6,88.645,0.11,57.915,0.06155,26.6,1.8,103.63,91.44,0.479451993950267,32.0642075654649,6.45024824142456,0.523,0.04617679,0.345,1.07,-0.267,0.555,67.4980082913768,0.0006561496324,-0.519699177419008,1.42875507694871,Intermediate
CRMS0034,12.9683657132474,1.35,87.21,0.13,49.68,0.06265,26.08,1.7,93,82.29,0.46379141365056,28.6274870941604,6.32203722000122,0.5835,0.1495721,0.11,0.98,-0.63,0.64,53.9302073325084,0.003097645691,0.18488559843605,1.47456179156677,Intermediate
CRMS0035,7.25646123260437,0.25,64.475,0.355,21.5,0.073,24.5,0.4,147.32,60,0.553650893329088,28.6491118278503,5.44107482307836,1.107222222,0.6875681,-0.21,0.73,-1.266,0.79,31.839595175921,0,0.989402426067945,-0.308815271485083,Swamp
CRMS0038,8.37232354183779,0.1,73.88,0.25,32.005,0.07305,26.2,0.3,86.6,65,0.508806736610125,23.3145953305207,5.2694845199585,0.351666667,0.1338585,0.59,1.44,-0.321,0.7,75.6388211798004,0,0.894580649241816,1.25980466391149,Swamp
CRMS0039,31.5029761904762,0.2,86.26,0.13,76.44,0.0902,23.8,1,51.82,39.62,0.539917738714868,0,5.42885541915894,0.21,0.002355671,1.22,1.407,0.834,0.34,99.9999988354489,0,0.798770933882299,0.830470543423453,Swamp
CRMS0047,7.31519830993093,0.35,82.19,0.165,50.125,0.07825,25.51,0.5,78,60,0.532160931843815,0,5.50284320429752,0.912222222,0.1186733,0.21,1.071,-0.611,0.66,57.0681837952354,0,0.581192348270751,0.981747731650719,Swamp
CRMS0056,14.6110271903323,0.5,53.175,0.61,14.035,0.08185,23.85,1.8,76.81,60,0.544995566617329,30.7149230236012,6.08765599076261,0.628333333,0.007036291,0.665,1.041,0.355,0.38,99.9772275990296,0,0.270128373475078,0.977555872564013,Swamp
CRMS0059,11.5946297567851,0.25,69.33,0.275,34.79,0.08955,25.1,0.7,84,50,0.499120649267889,0,5.57467526699392,0.575555556,0.0083316645,0.855,1.4595,0.5135,0.475,0,0,0.660956433463018,0.702666644540912,Swamp
CRMS0061,9.00974453863023,0.2,63.935,0.43,17.675,0.0687,25.7,0.3,87.4,68,0.553585453146917,28.6240369443026,5.41823220252991,0.4125,0.1368133,0.28,1.15,-0.62,0.71,60.8949409373433,0,0.64923684895466,1.27672726511982,Swamp
CRMS0063,13.0562106918239,0.2,85.945,0.135,65.455,0.0832,23.9,0.4,78.8,55,0.528367895838062,0,5.37021432874072,0.409444444,0.03477496,0.75,1.313,-0.067,0.61,82.5570766831384,0,0.872442859862255,0.941229381940329,Swamp
CRMS0065,13.0564327462244,0.1,89.54,0.1,73.06,0.0713,24.3,0.2,43.89,30.48,0.492780233023552,0,5.40531063079834,0.416666667,0.0027805135,1.08,1.3165,0.8485,0.375,0,0,0.874377437920181,0.904233104758091,Swamp
CRMS0103,11.4496197718631,0.4,78.4,0.24,30.375,0.0746,24.53,0.6,102.04,88.4,0.485346371490158,0,6.1441171384817,0.773888889,0.1690471,0.12,0.946,-0.78,0.75,50.750750164579,0,0.514254071296018,1.58757543854655,Swamp
CRMS0108,12.8565649508988,3.7,75.905,0.23,28.815,0.06555,27.2,13,72,79.25,0.268441498394064,30.6210760567703,6.87511035374233,0.7075,0.83461335,-0.16,0.739,-1.117,0.725,36.2622032047629,0.03010494557,0,1.47338473160722,Saline
CRMS0114,10.3525642662364,1.5,82.71,0.17,40.52,0.0752,26.4,1.3,107.89,78,0.212526609068332,22.3076873213669,6.17784946975847,0.7035,0.09139575,-0.2,0.5485,-0.7015,0.62,0,0.3380538409,0.708467303598279,0.905138878191016,Intermediate
CRMS0117,16.233153638814,1.2,80.81,0.165,33.46,0.06095,27,1.3,115.2,95,0.455057627317415,28.6551350867748,6.18025732040405,0.799,0.04619744,-0.02,0.66,-0.653,0.54,0,0.07938249042,0.671812454012474,0.789393245359823,Intermediate
CRMS0118,25.6006944444444,0.3,67.39,0.39,18.94,0.0751,27.2,0.9,109.11,106.68,0.501947273668806,49.8225116956556,6.68824243545532,0.513,0.5337846,0.06,0.757,-0.62,0.595,49.2230654484968,0.0007815928345,-0.0603105441948265,0.123702233308991,Freshwater
CRMS0119,13.6637369791667,2.1,70.56,0.325,20.835,0.0775,26.5,8.2,101.19,91.44,0.384137141999866,37.1629429051669,6.5461989905088,0.8515,0.6256331,-0.35,0.507,-1.179,0.67,25.8150956406864,0,0.0979329687699449,0.306549930250801,Brackish
CRMS0125,9.64943446004052,1.85,82.575,0.16,44.715,0.0735,26.2,1.7,89,76.2,0.462113167751919,28.6125427884141,6.19074042638143,0.6875,0.0246688,0.22,0.82,-0.27,0.51,58.3232803579821,0.005041346794,0.261135043599271,0.256812083884066,Intermediate
CRMS0129,10.1933990442055,1.9,62.67,0.465,14.7,0.0667,26.8,8.7,132.89,115,0.345669319970602,35.0513208641944,6.58405494689941,0.4835,0.678418,-0.09,0.767,-0.98,0.68,40.7680226932976,0,0.030477142449021,0.299557401773766,Saline
CRMS0131,11.0522494427298,0.35,76.05,0.25,27.82,0.0703,25.7,1.9,121.92,91.44,0.372861520008735,22.3348171041051,6.4976167678833,1.039,0.2393809,-0.43,0.37,-1.19,0.63,21.9300302661419,0.05867188337,0.507191434397678,0.847176449898241,Intermediate
CRMS0132,16.8268348623853,2.2,82.955,0.17,41.83,0.0721,27.3,2,121.92,82.3,0.334280718946737,24.2997658296032,6.49139180018153,0.72475,0.2152193,-0.11,0.69,-0.88,0.65,39.0601190781657,0.03836814033,0.0451223503561859,0.699394398726753,Intermediate
CRMS0135,11.8509206567242,2.375,73.195,0.29,23.07,0.0633,27,3.8,100.6,76.2,0.252479176772268,28.556364969427,6.79279184341431,0.79625,0.4005873,-0.11,0.663,-0.905,0.62,42.2862102235794,0.07198678538,0,1.08915074152066,Brackish
CRMS0136,12.7801120448179,3.95,67.275,0.355,20.095,0.0679,26.5,3.45,102.41,88.39,0.349522187919854,32.8520420918992,6.60505437850952,0.9485,0.5617183,-0.42,0.485,-1.3155,0.7,23.1594706368921,0.01280237091,0.305795210383466,0.662752006345625,Brackish
CRMS0139,24.7565217391304,0.3,62.01,0.495,11.22,0.05445,26.6,0.9,119.48,88.39,0.482576247643171,54.3119971508093,6.76439176678602,0.4375,0.704051,0.295,1.18,-0.59,0.68,64.331354811372,0,-0.248277537275828,0.503230675030408,Freshwater
CRMS0146,15.6762820512821,3.525,78.995,0.21,27.38,0.0549,27.1,3.6,102.41,91.44,0.294798287343201,24.478991185579,6.66922156259673,0.4565,0.3759842,0.04,0.82,-0.7685,0.635,44.8661257078589,0.06690044879,0,1.25629395568325,Intermediate
CRMS0147,9.03971962616822,4.15,69.215,0.33,18.345,0.0548,27.15,10.565,90.4,79,0.283239397804454,30.800844819361,6.91042398151598,0.5425,0.8788572,-0.09,0.9,-1.089,0.79,43.8777849313372,0.04756672004,-0.0919595044997803,1.29743354624202,Saline
CRMS0148,11.7898230088496,1.7,53.31,0.6,11.09,0.0627,26.6,2.5,115.21,94.48,0.392546334248013,39.3563585940656,6.52926301956177,1.0425,0.7575616,-0.61,0.32,-1.6,0.72,18.8808448663501,0.006268732414,-0.272310536004378,0.113904819761975,Brackish
CRMS0154,45.4729166666667,0.3,53.325,0.625,10.02,0.0578,27.5,1.2,143.26,137.16,0.393541848031814,43.4748425185177,6.57856702804565,0.636,0.6200008,0.44,1.043,-0.25,0.535,77.3711629719611,0,-0.00933453944815209,0.505134629708802,Freshwater
CRMS0163,20.6890619340819,0.8,62.335,0.43,10.305,0.04525,25.05,2.4,113.385,146.3,0.348797530217041,47.7771145094528,6.72960424423218,0.417,0.65346305,0.3,0.965,-0.3985,0.515,61.1757983884041,0.005478970642,0.0329027269504873,0.985955832328302,Freshwater
CRMS0164,14.4116121530015,10.9,79.715,0.19,36.4,0.0616,27.6,19.4,99.36,82.3,0.165847982628226,26.4514960456431,6.95012246771093,0.3705,0.5805044,0.17,0.86,-0.53,0.53,60.9791037495032,0.286106789,-0.385141045321348,1.73069796998446,Saline
CRMS0171,19.1966782948591,5.55,63.24,0.48,13.05,0.0534,27.8,16.6,112.78,91.44,0.23242274026076,37.071905524616,6.93999603506431,0.351,0.7603678,0.07,0.82,-0.68,0.59,53.2766147013496,0.04121979899,0,1.29995386884173,Saline
CRMS0172,22.2215129157047,4.675,68.255,0.37,18.295,0.0643,28,14.5,111.55,94.48,0.224546306619519,37.0811278584358,6.9060853301272,0.1185,0.7260054,0.2,0.98,-0.53,0.58,61.6578341955862,0.1525764066,0,1.21845969843481,Saline
CRMS0173,14.8771336080047,7.8,81.245,0.175,35.825,0.0585,27.3,12,109.6,85.34,0.247148476821902,30.8517120363994,6.57546063795321,0.2165,0.7102625,0.19,0.99,-0.67,0.62,60.0840328921485,0.005466757996,-0.722071693612539,0.711245372471213,Saline
CRMS0175,12.2523474178404,9.425,75.235,0.265,25.585,0.06695,27.8,15,97.65,82.29,0.145501323228624,28.5544153030518,6.95619583129883,0.324,0.57604765,0.19,0.9085,-0.532,0.56,60.8060273911859,0.2658151592,-0.462010084332704,1.63640199420929,Saline
CRMS0178,17.7574573863636,10.175,60.84,0.445,15.135,0.0655,27.45,20.9,75.04,60.96,0.120012685656548,28.6082633272739,6.99496912956238,0.778333333,0.65960245,-0.19,0.486,-0.938,0.57,32.9908672033006,0.0479805818,0,1.59232005315718,Saline
CRMS0179,24.2995469161064,6.875,69.57,0.34,21.555,0.06585,28.1,13.2,103.915,88.39,0.194887713820836,30.8240221288269,6.75981855392456,0.254,0.7816448,0.05,0.89,-0.838,0.67,50.9817345778341,0.1154093616,-0.111795147870961,0.915245993804707,Saline
CRMS0181,30.8905032953865,5.05,68.615,0.375,18.105,0.0656,28,14.3,107.595,91.44,0.117795035243034,36.6681809919071,6.88704824447632,0.4775,0.7661166,0.06,0.834,-0.74,0.63,51.4784786907355,0.1011964653,0,1.07188913596905,Saline
CRMS0185,16.0336966192171,0.2,77.51,0.1,59.325,0.0646,25.45,0.4,87.78,64,0.446340721332295,35.031481603384,5.70488736116647,-0.305,0.1289569,1.27,1.968,0.602,0.55,96.7694052880205,0,0.737386970581609,0.754805662316843,Swamp
CRMS0209,12.3993614998628,7.925,83.82,0.16,33.995,0.054,26.8,12,96.925,79.24,0.291805537253358,32.7908163690439,6.40131330490112,0.616875,0.64745975,-0.075,0.672,-0.9205,0.64,46.4139338978377,0.01311571011,-0.69960404285053,0.794233904478724,Saline
CRMS0217,11.1576101618705,0.1,70.7,0.33,26.93,0.0838,25.4,0.2,87.9,57.91,0.485393475817108,0,5.39646577835083,-0.36,0.0060737445,0.73,1.6555,-0.19,0.76,81.4072631059175,0,0.897711124323051,0.955786966143931,Swamp
CRMS0220,20.700998185118,4.4,82.295,0.18,37.35,0.06545,28.3,4,96.92,85.34,0.283205221478756,28.7093407070717,6.74204730987549,0.50475,0.32381025,-0.02,0.595,-0.729,0.535,23.9127236395529,0.04155120134,0.0269876637633712,1.15792396072723,Brackish
CRMS0224,7.19484237739037,7.1,79.455,0.195,31.54,0.06225,26.9,11,117.04,100.58,0.25308284163475,28.7848120179832,6.72144742346843,0.673,0.4953537,0.08,0.75,-0.6,0.52,54.632118618527,0.02030476142,0,1.10470363544271,Saline
CRMS0225,18.4660562338143,5.675,83.165,0.16,40.025,0.06485,27.4,5.3,105.46,88.39,0.298847941544215,30.7904161330333,6.71277092184339,0.64,0.3376204,0.23,0.95,-0.49,0.54,64.1598437052887,0.03978409421,-0.886325779004929,1.02763555090312,Intermediate
CRMS0226,10.5824400013296,6.6,76.975,0.21,26.83,0.05705,27.1,10.6,113.39,97.53,0.295848945749652,28.7332989870707,6.52214431762695,0.7525,0.5466257,-0.28,0.42,-1.037,0.59,30.4512610393076,0.01170823163,-1.29028430265673,1.02072351354803,Saline
CRMS0232,14.35124508519,6.925,70.69,0.32,22.64,0.06855,27.6,7.5,96.32,82.29,0.236451092814708,31.7607172400616,6.8536229133606,0.585,0.4946166,0.07,0.7825,-0.69,0.57,51.3186680718799,0.02652062162,-0.639410220689111,1.23331321155166,Saline
CRMS0237,18.3469079922828,6.3,76.62,0.21,27.745,0.0599,27,10.4,116.43,103.63,0.229469841578547,32.9019557306258,6.81242561340332,0.68,0.6056939,-0.03,0.715,-0.808,0.58,16.6560064581593,0.01112714093,-0.178309716777354,1.20114682838428,Saline
CRMS0248,12.4283154121864,2.075,79.24,0.21,30.115,0.06145,27.4,4.8,99.36,79.25,0.341963076964021,30.7849057599283,6.77153153775367,0.72925,0.20844,-0.01,0.61,-0.774,0.52,47.695353840559,0.03458866521,-0.243595111639195,1.09108435793072,Brackish
CRMS0251,14.6095432442649,5.5,81.38,0.195,31.64,0.06035,27.6,5.2,106.68,91.4,0.272544455136441,30.8521410329001,6.81463400013473,0.394,0.42380725,0.23,0.9,-0.4185,0.53,64.0855885555552,0.007265577725,-0.475738466783339,1.17486054863924,Brackish
CRMS0253,18.9329873049458,4.75,76.335,0.25,27.355,0.06915,27.4,5.3,101.8,88.39,0.283397095166709,30.8327924197229,6.76695457977628,0.7125,0.32813245,-0.07,0.55,-0.734,0.505,43.4132772168546,0.04511077818,-0.305206483268578,1.18763241205846,Brackish
CRMS0258,23.8240493863376,1.6,80.17,0.21,34.09,0.0672,27.8,8.8,102.2,85.67,0.111959223945935,27.510741437999,6.56311848677324,0.38125,0.372741,0.07,0.762,-0.64,0.56,57.0368672864186,0.06701450285,0.214087868922144,0.75426804744668,Saline
CRMS0260,12.6465884861407,1.45,83.345,0.16,48.025,0.06435,26.7,7.9,98.15,91.44,0.341834535541056,28.6666085470969,6.46054124832153,0.47925,0.37447695,-0.005,0.61,-0.7095,0.56,50.4390460663811,0.01560661542,-0.00184817502327693,0.83131577568436,Saline
CRMS0261,13.8972335558226,1.95,78.67,0.22,34.125,0.0745,27,2.5,120.7,94.48,0.384062689628825,30.7258247459338,6.67820345965274,0.5825,0.2525586,0.08,0.72,-0.6185,0.535,57.7592119734583,0.009164907593,-0.212194363843832,1.18542363882053,Intermediate
CRMS0263,30.7854802228647,1.15,81.22,0.185,34.145,0.06525,28,6.4,93.94,82,0.302794035855319,30.8206040005461,6.53806829452515,0.4635,0.3645321,-0.02,0.646,-0.75,0.56,49.826829256213,0.06487180516,0.131746155732742,0.794863564435503,Brackish
CRMS0272,25.8141447368421,3.25,73.05,0.29,22.425,0.06285,28.2,11.8,121.92,108.19,0.176922993578043,30.8491981518421,6.70436334609985,0.1775,0.73924885,0.38,1.179,-0.495,0.625,68.9767377488642,0.1027895782,0.14577146067554,0.746804270732067,Saline
CRMS0276,18.0233589591957,1.225,84.395,0.17,39.74,0.06895,27.1,4.7,98.15,85.34,0.330158143884394,28.6789407582629,6.47368841950187,0.7525,0.2261824,0.14,0.676,-0.447,0.46,59.1911277339709,0.000779741333,0.123952838602073,0.3511882463474,Brackish
CRMS0293,7.08884264504606,9.4,68.81,0.3,19.1,0.053,26.8,14.2,85.04,73.15,0.432366183411928,45.6324173104763,6.90286350250244,0.672,0.4607687,-0.36,0.234,-1.01,0.515,26.0646189511974,0.0007825151978,0.24489891306319,1.43749284925431,Brackish
CRMS0303,9.17899408284024,8.225,60.53,0.46,14.395,0.0619,27.1,14.4,75.59,70.1,0.307377406550602,41.2447847318649,6.80500841140747,0.712,0.8325019,-0.31,0.5435,-1.315,0.715,34.0338050018981,0.006260801941,-0.734834655103944,1.51882081587353,Saline
CRMS0305,18.344682230869,1.3,74.29,0.25,23.745,0.05835,28.2,1.9,97.77,85.34,0.447203285326864,49.9560482238429,6.67055626919395,0.973,0.81164365,-0.43,0.435,-1.44,0.725,28.0004564576858,0.1579540265,-0.163815688711819,1.09296926709155,Intermediate
CRMS0307,15.7914984863774,4,78.87,0.21,31.11,0.064,27.3,8.6,106.92,94.48,0.32216200222735,35.9837796092033,6.77459907531738,0.356,0.7088733,0.1,0.85,-0.73,0.61,57.8631865679974,0.03020621512,0,1.68162901032739,Saline
CRMS0309,15.2083333333333,7.15,65.75,0.37,15.985,0.0571,28.4,9,87.8,79.25,0.387736379212795,44.465933696799,6.82159280776978,0.61025,0.7119066,-0.33,0.43,-1.199,0.64,31.8072835733841,0.01251911871,-0.182211025907867,1.41639350054774,Brackish
CRMS0310,19.936974789916,9.65,75.245,0.23,24.56,0.06175,28.6,16.6,106.675,91.44,0.204245498869568,32.7489302450729,6.75492262840271,0.0095,0.72361115,0.24,1.0185,-0.5965,0.625,64.9784747407132,0.1661646229,0.166478007245137,1.70815998619066,Saline
CRMS0311,15.5574801398356,8.45,74.495,0.29,25.52,0.0746,27.6,15,101.86,91.4,0.284019397456292,35.0143030539826,6.97721603679428,0.341,0.7241336,0.185,0.94,-0.657,0.62,60.460585925062,0.08307960876,0,1.72860839843967,Saline
CRMS0318,20.1710526315789,9.625,73.525,0.23,21.99,0.05155,28.3,18.1,94.48,76.2,0.153565589007724,30.8764714384079,6.84357999500475,-0.044444444,0.7297247,0.345,1.18,-0.463,0.635,69.7412950950037,0.2536431037,-0.154547390145804,1.72529548001098,Saline
CRMS0319,21.3045841171674,6.8,76.95,0.22,24.36,0.0513,28.3,17.4,95.7,79.2,0.200217596934646,30.7639104797589,6.80784605125887,0.061,0.6362644,0.14,0.88,-0.656,0.625,58.0479445428317,0.1819248862,-0.0160885169369687,1.70616679270753,Saline
CRMS0322,10.25,9.5,77.18,0.22,28.59,0.06325,27.5,13.6,91.5,82.295,0.264692620082376,41.2981270030188,6.65094122133757,0.3175,0.592935,-0.125,0.5545,-0.9455,0.585,46.4208237650323,0.003019595582,0.130873405900849,1.48589947888339,Saline
CRMS0324,11.5251981382687,0.1,42.125,0.76,11.89,0.09215,26.7,0.4,90.83,45.72,0.540004082280214,0,5.41223859786987,1.114444444,0.026074755,0.39,1.2885,-0.4865,0.655,66.0746804863994,0.0007768381348,0.793828680569666,0.0257418109548562,Swamp
CRMS0326,8.53701024042743,7.625,67.415,0.3,17.915,0.0542,26.9,8.1,97,85,0.344834523399671,43.6520644780938,6.7423152923584,0.562,0.6143622,-0.185,0.5115,-0.965,0.58,39.0821314762316,0.02809290787,-0.0839456088311408,1.47548547123687,Brackish
CRMS0332,14.9283068783069,5.075,55.725,0.545,9.975,0.0547,27.7,8.31,95.15,94.48,0.346598704386903,41.4261945832798,6.66598081588745,0.6785,0.6728511,-0.375,0.36,-1.1765,0.61,27.1448178089131,0.003910624207,0.129177217201091,1.48111240015388,Saline
CRMS0335,18.7546787709497,7.65,68.43,0.34,16.705,0.0574,28.4,19.7,75.6,67.05,0.14640473227362,35.0190296838167,6.99194717407227,0.232,0.8051394,0.36,1.07,-0.55,0.68,0,0.04212090757,-0.537098736358096,1.77308174403776,Saline
CRMS0336,12.6346583946078,10.125,71.97,0.26,26.85,0.06825,28.1,20.9,85.1,71.63,0.161114635379739,32.8959171202129,6.86254527769584,0.3105,0.7998663,0.07,0.89,-0.82,0.67,54.2847139859266,0.3381155227,0.29278035052753,1.74211414470817,Saline
CRMS0337,23.0299077075119,8.7,77.5,0.295,16.67,0.05155,28.3,18.1,81.1,73.15,0.177320490262843,30.7916012943249,6.93278026580811,0.2705,0.76931,0.02,0.868,-0.85,0.66,53.1668972125879,0.2477498954,0,1.73136995003206,Saline
CRMS0338,28.6972093379494,10.075,74.06,0.255,24.145,0.0611,28.2,18.9,86.345,76.2,0.188673556667282,32.9432571658944,6.84924983978271,-0.012,0.8030711,0.29,1.1,-0.58,0.69,68.0625743915454,0.08715746527,-0.137955831933959,1.75259617564533,Saline
CRMS0341,30.3898875674739,7.1,65.75,0.4,16.74,0.06665,28.7,17.2,85.34,76.2,0.0990335918962955,30.7955213162845,7.10902643203735,0.128,0.82331565,0.15,1.001,-0.77,0.7,55.6451591534117,0.1185640409,0,1.81630637166678,Saline
CRMS0345,29.4389001349528,8.5,59.295,0.395,15.315,0.0625,27.6,19.9,84.24,76.2,0.137874317796607,37.171519919605,7.07432656036218,0.0825,0.77880545,0.12,0.92,-0.715,0.64,58.7025546846733,0.05333063599,0,1.77247619441517,Saline
CRMS0347,32.1985694822888,8.425,62.475,0.395,14.265,0.05525,27.85,17.7,92.53,82.29,0.138215996481949,39.2666869935733,7.0838242527577,0.356,0.729504,0.185,0.957,-0.633,0.605,58.08776959545,0.07145422396,0,1.80138627788697,Saline
CRMS0354,15.9017031779871,4.275,80.645,0.16,34.865,0.05625,27.7,2.5,100.4,90,0.361351881978023,37.0975371518252,6.85426473617554,0.4205,0.53251775,-0.06,0.624,-0.82,0.56,45.7507255240469,0.01251009912,-0.0529474386053063,1.48339285066494,Intermediate
CRMS0355,38.2444852941176,8.875,71.545,0.29,22.22,0.06955,28.8,17.8,85.28,60.96,0.165510127941767,30.7666212567431,7.12230157852173,0.909444444,0.7957936,-0.25,0.62,-1.157,0.69,0,0.06983325032,0,1.80581707682815,Saline
CRMS0369,8.97386128364389,3.725,73.23,0.28,24.4,0.062,26.4,7.3,108.2,91.44,0.353774777077947,37.333928454738,6.88925155882019,0.662,0.5951529,-0.13,0.61,-0.948,0.61,39.6575337938638,0.08491107447,-0.667537379503673,1.72062767075312,Brackish
CRMS0374,18.1844703770197,9.975,66.48,0.305,19.37,0.06365,28.1,20.1,75.04,67.06,0.114422558591916,37.1024951995571,7.08044090720507,0.316,0.7245522,0.02,0.774,-0.781,0.58,51.9324439125546,0.1093164812,0,1.76928861419611,Saline
CRMS0377,15.6884921480958,6.6,62.84,0.37,16.11,0.06,28.3,16.2,67.54,60.96,0.252213506028056,39.3284152390403,6.91796064376831,0.5155,0.8280851,-0.19,0.65,-1.12,0.7,40.5787607623575,0.0382580471,0,1.57611109961963,Saline
CRMS0383,16.3538812410416,6.625,67.38,0.335,16.005,0.0506,28.3,13,78.94,70.1,0.216975951257132,35.4684162106721,7.06243894374289,0.2115,0.79888555,0.13,0.945,-0.745,0.665,59.5064208070206,0.1075015252,0,1.63935737857548,Saline
CRMS0386,18.6339152828032,8.725,86.18,0.13,50.625,0.05955,27.9,10.9,97.35,88.39,0.224426038097528,23.3641820737478,6.74352079573199,0.2455,0.2612524,0.03,0.65,-0.678,0.54,53.1278532747962,0.02639540432,-0.0603962141095761,1.65802743356537,Saline
CRMS0387,13.4753045810738,9.075,86.785,0.11,47.24,0.05375,27.7,12.5,102.96,85.3,0.303723218043645,28.5578723963692,6.61966532674329,0.1665,0.36771015,-0.05,0.57,-0.806,0.56,33.8403927704143,0.0297101052,0.327355902362154,1.64607773166059,Saline
CRMS0390,23.1842592592593,7.5,87.67,0.1,61.74,0.0643,27.1,7.2,79.98,67.1,0.142066147820703,20.2791594087317,6.69771671295166,0.405,0.06717544,0.18,0.766,-0.505,0.48,63.1807276723287,0.4405061485,0.499622597462112,1.64757228455259,Brackish
CRMS0397,15.6858861144945,8.9,86,0.12,47.13,0.05625,27.5,14,115.33,91.44,0.259829197398087,24.5119432637389,6.69164111530847,0.14275,0.4654187,0.095,0.765,-0.63,0.555,56.4079179941662,0.2196895524,0.26832178565028,1.6447652885578,Saline
CRMS0398,19.0098634035929,0.75,77.55,0.215,27.56,0.0584,26.9,2.5,107.53,88.4,0.384062657982006,27.5527748252126,6.72490871808805,0.715,0.2490236,-0.12,0.354,-0.697,0.45,8.35542637828079,0.003693004167,0.217899263925193,1.49069925404176,Intermediate
CRMS0399,21.9449105145414,2.4,77.315,0.22,24.195,0.0537,27.8,6.1,89.25,82.29,0.383898041786605,43.6097234388667,6.63968832802337,0.572,0.5477329,-0.405,0.2355,-0.993,0.545,24.9115192954502,0.01173244879,-0.452210266562373,1.40977682720472,Intermediate
CRMS0400,17.4320728291317,5.075,88.13,0.1,55.275,0.0581,27.6,8.3,126.19,97.53,0.327096710626118,26.4784990824824,6.30276346206665,0.36175,0.03627327,0.26,0.83,-0.36,0.44,72.2945197226653,0.01707130538,0.615368664845798,1.71293050302307,Intermediate
CRMS0416,11.0886682011682,6.65,84.93,0.14,56.835,0.07045,27.4,8,105.7,88.39,0.314344478504998,24.3664159042134,6.63763427734375,0.4525,0.0401854,0.085,0.545,-0.51,0.465,51.8721455265737,0.03030387089,0.590455479363747,1.71934972227356,Brackish
CRMS0421,26.6076325411335,8.8,64.775,0.39,16.27,0.0618,28.2,17.5,94.79,85.34,0.190131017758,35.0678911792474,7.05021381378174,0.9785,0.8196174,0.27,1.05,-0.577,0.66,68.083399380417,0.09933447188,0,1.74388454027045,Saline
CRMS0434,7.32581953071084,4.9,77.845,0.28,22.28,0.06165,26.4,13.8,148.19,121.92,0.349814354433194,39.3297601861137,6.80007743835449,0.5875,0.4980076,-0.22,0.45,-0.89,0.51,38.8627761221738,0.1076989549,-0.678662295362343,1.67981923134398,Saline
CRMS0461,29.6795280612245,0.1,70.715,0.32,14.425,0.0435,26.7,0.4,108.56,91.44,0.481402380430749,37.0339466200204,6.1531023979187,1.045,0.44865305,0.38,1.49,-0.5625,0.73,68.8584467025292,0,0.774064218918467,0.843886528697506,Freshwater
CRMS0479,39.9027362584378,0.1,48.86,0.55,7.925,0.046,27.1,0.4,98.75,91.4,0.54067147185359,58.4414275971659,6.99265575408936,0.791,0.5294036,0.32,1.11,-0.551,0.64,69.2579900769636,0,0,1.21190978834045,Freshwater
CRMS0482,15.6851351351351,0.2,83.65,0.14,33.2,0.0477,26.9,0.2,98.75,80.77,0.493269307742207,35.2219873597887,6.14024686813354,0.7305,0.48202975,0.205,1.35,-0.8575,0.74,61.3130670430419,0,0.859683630265422,0.965181904939072,Freshwater
CRMS0488,15.7684135977337,0.3,91.64,0.07,67.18,0.047,24.7,0.2,126.18,106.68,0.556654104330394,45.6885190056695,6.18945704008404,1.6565,0.02020194,0.4,0.74,-0.207,0.34,22.0451863619182,0.01226261301,0.879569341494617,1.2883310912116,Intermediate
CRMS0489,27.0549146903125,0.6,61.535,0.455,16.305,0.0727,26.75,1,132.89,128.01,0.529557654129142,49.9589834925296,6.59853311056818,1.089444444,0.7867689,-0.49,0.421,-1.54,0.73,27.7688966913805,0.1567149061,0,1.42704345882847,Freshwater
CRMS0493,20.2274515738499,0.4,81.155,0.22,33.195,0.06495,26.9,1.1,104.24,91.44,0.596004872691557,49.7961508159637,7.03929996490479,1.453,0.6303032,-0.615,0.2115,-1.5665,0.695,0.60836497274791,0.1188475402,-1.20332155178458,1.49105106021095,Freshwater
CRMS0494,20.2438863476425,1.275,81.015,0.18,31.71,0.0579,25.7,2.7,109.72,91.44,0.552834500021584,48.8039362193921,7.10499334335327,1.005833333,0.0909816,-0.02,0.46,-0.42,0.5,18.5242210471889,0.08504318716,0,1.49573935487988,Intermediate
CRMS0496,19.3815713705735,0.4,73.235,0.295,22.92,0.06045,28.3,0.8,123.74,115.82,0.517715421466788,39.3265069881318,6.46142145060138,0.8645,0.7839383,-0.255,0.625,-1.34,0.755,0,0.0897687412,0,1.39712437976258,Intermediate
CRMS0498,11.6051987856287,2.85,73.16,0.265,19.325,0.0515,27.4,12.9,92.66,70.1,0.384037917099411,54.073444660258,7.01846265792847,0.548666667,0.009698804,0.39,0.6,0.06,0.29,90.204360198603,0.08008068428,0,1.56771574804829,Brackish
CRMS0499,12.4077282157676,1.675,83.74,0.13,43.85,0.0603,27.2,4.5,99.36,88.39,0.354248654968685,39.3320838067552,6.69276690483093,0.552,0.2727598,-0.015,0.6805,-0.735,0.545,49.4171516872446,0.03666380927,0,1.49776037552904,Intermediate
CRMS0501,16.210139232637,1.1,83.65,0.13,45.07,0.0631,27.2,3.55,122.16,97.53,0.340951768790974,39.3018071600509,6.39706945419312,0.67975,0.2982493,0.08,0.75,-0.57,0.57,57.4103670083311,0.4427856188,0.954221151678879,1.25813839659331,Intermediate
CRMS0504,10.9343794579173,2.8,80.67,0.21,27.23,0.0589,27.2,7.2,100.58,75,0.393460667342726,39.2661095587412,6.91466856002808,0.07575,0.01234181,0.38,0.89,-0.21,0.41,74.9430774710488,0.03005374471,0,1.50176159383923,Brackish
CRMS0507,15.5436258866113,1.8,77.2,0.21,32.04,0.0892,27.8,6.2,143.86,121.9,0.371924642619643,41.4599604644775,6.76027260482596,0.29375,0.3220414,0.11,0.888,-0.58,0.58,60.4863561994936,0,0.417764366775528,1.31963091462431,Intermediate
CRMS0508,11.4184318262727,1.1,74.77,0.29,35.14,0.0767,26.5,4.8,116.43,91.44,0.364263187716435,35.02770325681,6.40982167313739,1.001,0.12316785,0.18,0.702,-0.388,0.41,0,0.007795891174,0.841728503796822,1.20101587204119,Intermediate
CRMS0513,9.07549187320641,0.3,89.53,0.08,72.23,0.0601,24,0.4,105.46,70.1,0.465340519290802,0,5.90741682052612,0.349444444,0.013632535,0.76,1.071,0.3605,0.27,99.9999932750509,0,0.72625005496771,1.22973447804446,Swamp
CRMS0514,10.8963112408425,1.7,66.445,0.355,19.61,0.0703,26.35,2.2,154.22,124.96,0.54070338378141,39.3242651621501,6.39730596542358,1.7395,0.7825724,-0.97,0.043,-2.111,0.82,4.41380307730575,0.001354539125,0.415145412411886,1.45135444913653,Intermediate
CRMS0517,19.4355034826198,1.6,76.63,0.21,27.545,0.05215,27.1,2.4,110.34,88.39,0.572244478523626,43.5384260729651,6.8822865486145,1.3035,0.9022364,-0.675,0.24,-1.8985,0.865,18.3438033313101,0.1341937752,-0.369756749011062,1.41439865462594,Intermediate
CRMS0520,18.9024237815537,2.65,77.1,0.25,30.085,0.0761,27.1,6,106.07,91.4,0.383768261214439,43.4830939964514,6.73721981048584,1.17875,0.50600195,-0.59,0.16,-1.425,0.64,18.9176844512195,0.03404233332,0,1.44700918443544,Brackish
CRMS0522,6.97452229299363,3.2,81.52,0.18,35.5,0.0603,27.4,7.8,96.92,73.15,0.345712802536348,41.4388754772318,7.04365583143073,0.331,0.082819045,0.21,0.667,-0.3225,0.435,15.1334629953779,0.5279418353,0,1.59115846488797,Brackish
CRMS0523,14.6054982118505,3.075,78.445,0.2,32.05,0.06205,28.1,6.5,95.1,79.24,0.383813042721219,43.5512403349618,6.89476871490479,0.954,0.7175476,-0.48,0.368,-1.5,0.73,25.4976770819894,0.1277159572,0,1.52479327813212,Brackish
CRMS0524,12.9704174228675,2.3,85.54,0.14,45.335,0.0592,26.9,5.8,107.89,79.24,0.376229156335425,41.512214563304,6.71236419677734,0.86075,0.04634023,0.06,0.35,-0.231,0.27,0,0.01519498628,0,1.54812878307184,Brackish
CRMS0527,14.6450617283951,0.9,59.535,0.49,14.185,0.0708,27.2,4.45,109.41,100.58,0.416225915243986,41.4677324056073,7.31585574150085,1.2785,0.731805,-0.49,0.535,-1.442,0.765,0,0.1216663666,0,1.39841391615562,Brackish
CRMS0529,18.25,4.4,89.35,0.09,59.28,0.0527,26.9,9,94.5,79.2,0.341156656306158,41.4174578172737,6.8011407061835,1.0825,0.06858958,0.26,0.43,0.05,0.21,11.8176503586481,0.06189239815,0,1.39296410748247,Brackish
CRMS0530,11.1167512690355,3.45,76.355,0.28,25.195,0.06755,27.2,9.7,83.52,68,0.337793123789167,48.8624764498075,7.10656213760376,1.1065,0.04790323,0.1,0.47,-0.2,0.29,7.8113345335073,0.02583210864,0,1.31755534172954,Brackish
CRMS0531,15.4889298892989,0.6,68.53,0.35,22,0.0761,26,2.9,123.1,100.58,0.54003497655255,40.2641044287725,6.86256456375122,1.368,0.5890911,-0.68,0.182,-1.668,0.73,17.3446097819223,0,0.516292366166114,1.21137788369627,Intermediate
CRMS0532,13.275406063235,1.65,80.48,0.19,32.275,0.06415,26.4,5.8,117.04,82.29,0.529186291895904,47.6602274524465,7.26883565635207,1.509,0.811819,-0.805,0.22,-2.005,0.89,16.7491082854123,0.09171038149,-1.02386689420631,1.23236311253664,Intermediate
CRMS0535,11.7677794381301,1.2,80,0.17,32.685,0.05905,25.7,6.4,106.68,91.44,0.377599113873359,34.9715429066673,6.614990234375,1.1545,0.3663281,-0.23,0.52,-1.045,0.61,31.5445271870643,0,0.480986353093761,1.08728722270728,Brackish
CRMS0536,12.1371238776831,2.3,84.29,0.14,34.625,0.04855,26.3,6.3,125.57,103.63,0.376187353938819,0,6.54021406173706,0.239,0.004211882,0.41,0.79,0.157,0.29,0,0.07813173951,0.62388431091938,1.35426190942302,Brackish
CRMS0543,22.3489972273567,0.8,85.505,0.155,46.195,0.05945,26.65,0.8,112.77,91.44,0.619316928324091,49.9061470089396,6.80936050415039,1.7265,0.6351726,-0.71,0.162,-1.6055,0.65,6.02396895697888,0.05614075463,-0.829075531796331,1.34992323999724,Freshwater
CRMS0544,12.3818679803072,1.2,90.79,0.08,58.985,0.04925,26.9,1.2,115.2,103.63,0.532188838489875,33.9687286193421,6.35326470857907,1.1465,0.69576195,-0.115,0.7045,-1.1635,0.74,24.2087917284414,0.0007791994629,0.678292411315721,1.36789135442931,Intermediate
CRMS0545,21.7683317939245,0.4,84.765,0.15,39.295,0.057,27.05,0.3,149.96,137.16,0.627080602861425,28.7698539377848,6.55767474222935,1.031,0.7112247,-0.26,0.64,-1.336,0.79,38.5449972756396,0.01587123774,0.227362590400497,1.37544899264651,Freshwater
CRMS0547,12.9115646258503,0.5,62.495,0.44,19.295,0.0788,24.9,1.6,170.07,100.58,0.455042797944815,35.054597686485,6.1496433960764,1.25,0.5306854,-0.3,0.57,-1.29,0.74,37.0874304582052,0,1.00191209522623,1.32963139260523,Swamp
CRMS0549,18.4507191201354,2.9,77.805,0.215,29.995,0.06555,26.325,3.2,111.55,91.44,0.583861876036978,47.7752058341286,6.96332979202271,1.6825,0.76337375,-0.615,0.42,-1.771,0.845,0,0.04972307153,-0.321833732148714,1.41483551212219,Intermediate
CRMS0550,13.2049605767728,0.3,68.22,0.385,19.52,0.07575,27.3,0.4,118.26,103.63,0.564472173731524,45.6237870762266,6.8059229850769,1.5615,0.68119,-0.42,0.5,-1.49,0.77,28.8927133804623,0.03403050417,0.312298461648902,1.40719947561878,Intermediate
CRMS0552,13.3331505046073,0.6,73.22,0.27,20.89,0.057,26.2,1.1,190.8,146.3,0.451160126006348,51.9445849647522,6.77185297012329,0.965,0.5983334,-0.07,0.8125,-0.875,0.715,8.047014819708,0.05079267035,0.498117737930651,-0.794206755320465,Intermediate
CRMS0553,6.46251643035944,1.55,87.92,0.09,54.14,0.0539,26.45,5.4,117,82.29,0.358415763526682,0,6.42103481292725,-3.46945E-18,0.0035814775,0.89,1.47,0.4,0.495,3.64625287484879,0,0.94077572223538,1.84984470721058,Intermediate
CRMS0554,8.30659237379162,0.4,68.895,0.295,20.985,0.0585,26.5,1.5,154.22,131.06,0.383916905384476,43.7671950160435,6.92780303955078,0.354,0.00654091,0.36,1.19,-0.17,0.57,73.1620996214372,0.0357468854,0,1.70400710320323,Intermediate
CRMS0556,8.3187237026648,0.4,93.075,0.05,85.405,0.0446,26.4,0.8,121.31,118.87,0.376962083012803,47.6561889434646,7.29918622970581,-0.0435,0.003380276,0.75,1.33,0.09,0.5,97.0169634860872,0.02033247822,-0.708347323292573,1.78208669233735,Freshwater
CRMS0560,6.95474672890121,0.35,93.98,0.06,90.8,0.05535,27.5,0.5,76.5,73.15,0.369899522457304,28.5000352585107,6.69466450723658,-0.0705,0.002028611,0.99,1.49,0.47,0.42,99.9999960095772,0,0.640995861521532,1.58461123591211,Freshwater
CRMS0562,10.7772373105255,1.45,84.84,0.13,52.46,0.0618,25.6,3.9,147.52,128.01,0.344833662808682,34.6149675664362,6.39208793640137,-0.177727273,0.006298403,0.6,1.389,0.066,0.54,89.7560537775347,0,0.861748389820392,1.77555817581244,Freshwater
CRMS0565,6.92501159554731,0.35,91.88,0.06,68.07,0.0441,26.4,1.7,81.2,75,0.368715568807501,0,6.93375444412231,0.1525,0.002324124,0.64,1.248,0.35,0.42,98.7328755852411,0,0.385224176873019,1.47294661657742,Freshwater
CRMS0568,11.0174945612763,1,78.04,0.23,28.81,0.0569,25.625,3.3,190.2,156,0.384256518143319,45.6751176957523,6.98343896865845,0.163461538,0.0105989,0.7,1.307,0.04,0.515,85.4270748819049,0.01089835944,-0.632134394641847,1.42097627467044,Intermediate
CRMS0571,9.05089907192576,0.75,93.26,0.05,86.055,0.0438,25.1,3.4,129.23,112.78,0.376276958034888,39.2813979816139,6.34421730041504,0.646,0.00229654,0.55,0.94,0.14,0.33,95.4561012049766,0,0.946324239015317,1.22175519772211,Intermediate
CRMS0572,12.8455602883355,2.85,87.07,0.155,51.955,0.0766,26.05,2.9,107.28,106.68,0.350731314232059,0,6.36168766021729,0.397368421,0.004132576,0.66,1.207,0.33,0.33,97.080018674453,0,1.00138339191261,1.14532010723243,Freshwater
CRMS0574,11.3748322829516,0.925,86.965,0.115,51.73,0.05295,27.5,2.1,125.57,121.92,0.383932204294097,41.5288886654492,6.77636051177979,0.151,0.006791171,0.61,1.3,0.09,0.53,0,0.002335221985,-0.157363757876116,1.67693614715989,Intermediate
CRMS0575,7.94546678635548,2.6,91.59,0.06,84.52,0.0507,26.6,3.3,106.7,85.34,0.348133073828756,0,6.59142324140082,0.336,0.003173584,0.97,1.74,0.558,0.4,0,0,0.190760144077768,1.86722194053141,Freshwater
CRMS0576,10.3405349571688,2.125,79.35,0.19,25.39,0.045,26.1,7.1,159.71,158.5,0.423033032568031,40.3363430808141,6.90926122665405,0.444545455,0.003775347,0.35,0.8565,-0.045,0.35,82.3515972334293,0,0.335634878564626,1.59198054100848,Intermediate
CRMS0580,9.02658465351143,0.925,88,0.11,51.145,0.0517,26.6,4.7,125.2,105,0.313489196953578,36.2037252472187,6.49287796020508,0.57775,0.03228324,0.15,0.691,-0.368,0.44,0,0.06196323864,0.651667159707577,1.40394106832491,Intermediate
CRMS0581,12.6728936204743,7.225,61.32,0.415,18.515,0.07415,26.5,16.5,125.57,109.72,0.311375553797721,39.2617322552589,6.67572741969237,-0.335,0.02358152,0.37,0.76,-0.013,0.37,86.1964412652296,0.08026835397,0.27931198171521,1.76400363648685,Saline
CRMS0583,8.21972002434571,2.3,89.105,0.07,70.425,0.04835,26.3,4.6,129.84,97.53,0.383763268805032,0,6.54873991012573,0.702,0.003535297,0.25,0.9,-0.24,0.49,67.6519099855388,0,0.795121760258675,1.86993490495672,Intermediate
CRMS0584,6.12789987789988,5.55,82.16,0.165,35.565,0.0538,26.15,10,126.19,100.58,0.376210020025559,41.3238106254747,6.55157279968262,0.284,0.06188779,0.04,0.635,-0.482,0.485,0,0.002335094727,0.731680983156326,1.83798669580072,Brackish
CRMS0587,7.09973042156013,1.875,66.505,0.335,22.82,0.07755,25.6,7.6,117.04,97.53,0.38406428753288,39.3311884482702,6.62883587887413,-0.135,0.003634686,0.565,1.071,0.029,0.48,0,0,0.968645196314736,1.87112911425761,Intermediate
CRMS0588,8.24869495210806,4.45,86.89,0.12,47.78,0.0606,26.3,9,126.18,94.5,0.350540084217042,31.8946057823861,6.45196399092674,0.0985,0.006412087,0.37,0.9815,-0.08,0.42,0,0.02257649622,0.8275899045528,1.81738145118571,Brackish
CRMS0590,27.8099559072018,1.6,77.07,0.2,30.1,0.0624,24.6,1.6,127.4,103.63,0.435773837903786,51.9748822336057,7.00794260664863,0.002647059,0.010952275,0.855,1.62,0.318,0.535,99.634660353526,0.03905792177,0,1.80779596590053,Freshwater
CRMS0593,12.3230140186916,0.1,53.5,0.45,15.215,0.0603,26.35,0.2,110.94,91.44,0.544854342605053,54.1284047981545,7.00893878936768,0.224,0.01011032,0.78,1.356,0.1,0.54,20.396090272684,0.005980034859,0.0634711477424956,1.7624892200452,Freshwater
CRMS0595,10.9831238746323,0.675,89.92,0.08,56.795,0.0483,26.1,1.5,136.55,118.87,0.395725477191658,26.4698189799256,6.7778902053833,0.199,0.006700071,0.5,1.13,-0.028,0.54,75.2201246034572,0.0007779043579,-0.394955634277588,1.67361555269405,Freshwater
CRMS0599,10.9361128725428,8.55,72.57,0.295,20.795,0.0572,27.2,19.9,74.37,67.05,0.337841033776534,43.7849384093285,6.95143888536738,0.627,0.2304181,0.27,0.887,-0.34,0.53,37.3937835002275,0.0455561216,0.186222294295519,1.73468746437002,Brackish
CRMS0603,7.32139641031847,1.55,90.67,0.08,75.35,0.0567,25.6,3.5,149.35,121.92,0.354508659390865,30.6298486017298,6.57499122619629,-0.153181818,0.009653466,0.53,1.291,0.012,0.54,85.4452045040502,0,0.540792142000075,1.77544091637634,Intermediate
CRMS0604,10.519372524278,1.8,77.725,0.2,33.275,0.05955,26.8,5,140.82,118.87,0.340948050091576,32.9734433645572,6.39225149154663,-0.2955,0.005467759,0.58,1.2,0,0.535,20.4623285335351,0,0.905484252085287,1.77299521640218,Intermediate
CRMS0605,6.34503431909726,4.075,83.605,0.165,40.285,0.0618,26,4.9,109.72,79.24,0.356443729974848,20.1979640888285,6.60067224502563,0.5525,0.0061105035,0.39,1.044,-0.101,0.48,4.43578593682323,0.05170099917,0.581268959610086,1.86637310176959,Intermediate
CRMS0608,7.92809826054974,3.05,76.47,0.22,33.39,0.06915,25.7,6.4,132.89,112.77,0.376310365395058,37.0676695033482,6.52144878788998,0.397,0.007918581,0.38,1.08,-0.11,0.44,32.8455827595988,0.01324860913,0.696714399829795,1.71706700480473,Brackish
CRMS0609,10.0404530744337,5.6,77.595,0.21,24.53,0.0534,27.1,15.5,96,84,0.334817461108118,41.4590742838542,6.63145923614502,0.839,0.05546086,0.16,0.66,-0.32,0.4,52.1912841529369,0.006236398254,0.622416485437742,1.67604123360498,Brackish
CRMS0610,10.542036367003,7.575,60.425,0.455,14.165,0.0685,25.7,15.2,92.8,87,0.420727970025871,31.7840472492095,6.88460373878479,1.0395,0.003932767,0.5,0.846,0.099,0.34,79.4052108673729,0,0.360423709881696,1.71240258186216,Brackish
CRMS0615,3.2080078125,4.75,64.295,0.435,18.295,0.07855,26.35,16.4,99.4,80,0.383955596031549,36.0561315178625,6.90170907974243,-0.143636364,0.004559096,0.15,0.6,-0.33,0.4,66.4190185573321,0,0.437596480151961,1.82366009836801,Brackish
CRMS0616,6.06906660412758,3.6,87.405,0.11,59.12,0.06075,26.4,4,123.13,103.6,0.372168211710014,37.2359464393029,6.38885450363159,0.8245,0.1155236,0.26,0.77,-0.27,0.43,67.3990417650787,0.005452161621,0.754096657265784,1.10997764251688,Intermediate
CRMS0618,11.7741935483871,4.975,84.84,0.135,46.815,0.06105,26.1,6.5,110.33,91.44,0.370012344244092,0,6.39003796390883,1.1125,0.2168295,-0.035,0.57,-0.702,0.51,43.9755419736777,0.0007788573608,0.750122135248625,1.09706949852201,Brackish
CRMS0619,10.8548902337141,0.6,90.15,0.07,76.39,0.0535,25.85,3.15,137.76,113,0.372124743123853,43.5312062669234,6.40217018127441,0.61025,0.004120697,0.485,0.857,0.2,0.29,99.9658458564908,0.02337598425,0.85922098917559,1.19281836689323,Intermediate
CRMS0622,4.26134306212112,1.1,55.345,0.545,15.225,0.07385,26.8,4.5,136.6,109.73,0.415119476494242,0,6.48201084136963,-0.127,0.002737517,0.56,1.05,0.05,0.43,0,0,0.844847301162354,1.87371681863362,Intermediate
CRMS0623,10.95,2.6,76.33,0.23,28.045,0.06005,26.5,9.3,115.21,106.68,0.291693207095651,40.0039340509687,6.96333967406174,0.56675,0.0060122495,0.21,0.7635,-0.267,0.425,68.5550417043637,0.01793041559,-1.53512924784102,1.59239306919346,Brackish
CRMS0624,6.71015920981418,3.175,90.015,0.07,67.555,0.04735,26,4.5,135.33,97.535,0.382047910511528,0,6.62338876724243,0.199,0.003283578,0.55,1.193,0.086,0.47,90.3666580463829,0,0.572842249687122,1.84899480778869,Intermediate
CRMS0632,8.21543408360129,2.2,77.46,0.23,28.275,0.0632,27,7.7,123.13,100.58,0.383805528110719,37.1157937935607,6.79341173171997,0.2615,0.0049987175,0.505,0.875,0.1865,0.295,0,0.1876107509,0.409634315095796,1.5149416851209,Brackish
CRMS0633,11.9957152188996,3.15,77.61,0.24,30.805,0.06425,26.3,9.3,105.2,91,0.391535614950221,37.0091182835897,6.73835611343384,0.49425,0.13973115,0.22,0.795,-0.314,0.43,68.3940925461256,0,0.490632821067632,1.45470605398459,Intermediate
CRMS0635,5.46407185628742,1.925,88.695,0.1,59.15,0.06515,27.1,7.1,123.13,100.58,0.34966114171288,28.6068272610368,6.61553723352751,0.4725,0.002434791,0.37,0.74,0,0.31,4.89596068249814,0.1353485842,0.58645246175984,1.41947312667057,Intermediate
CRMS0639,4.98062668463612,3.45,86.805,0.12,48.965,0.0563,26.3,7.7,120.7,94.49,0.377530508146984,0,6.57389307022095,0.8765,0.003847041,0.075,0.46,-0.36,0.345,0,0.03505152589,0.585028593551851,1.4516613026583,Intermediate
CRMS0642,4.619812233691,2.9,80.37,0.18,33.885,0.06305,26.4,7.1,137.8,121.92,0.387315087221465,0,6.64451551437378,0.9475,0.002550777,0.385,0.7,0.0675,0.35,0,0,0.567849836096917,1.47646439877173,Intermediate
CRMS0644,5.47203133010928,5.825,81.24,0.16,33.595,0.05045,26.7,18.4,87.6,80,0.20874203379488,39.1581876722099,7.02147531509399,0.413,0.02025419,0.405,0.959,-0.031,0.35,19.3106815128164,0.1251235795,0,1.6684006652804,Brackish
CRMS0650,6.52951699463327,2.25,88.755,0.09,59.545,0.05135,26.4,7.6,181.05,128.01,0.407273248926274,35.0262891387939,6.73442259638167,0.227,0.003847414,0.26,1.023,-0.127,0.48,0,0,0.119735702554808,1.75248238580161,Intermediate
CRMS0651,5.80901856763926,2.4,72.27,0.235,31.425,0.0737,25.7,7.7,121.8,103,0.381946384787251,30.7240526316716,6.77314281463623,0.9015,0.006770199,0.2,0.69,-0.18,0.365,7.7121122561485,0.001554159668,-0.271356623065677,1.32405148679095,Intermediate
CRMS0656,6.13538282877461,5.3,72.75,0.265,23.835,0.0623,26.9,14.1,138.37,82.3,0.3692978049318,35.1912611566271,6.94788776462552,0.9235,0.14301875,0.04,0.54,-0.317,0.35,5.2574494205109,0.01804261886,0.00546595065544435,1.62856300327562,Saline
CRMS0658,7.95261601455869,1.8,81.505,0.185,28.605,0.0532,27.4,4.3,126.18,97.53,0.383942018027687,30.8016414416676,6.77690696716309,0.835,0.3356606,0.1,0.67,-0.61,0.54,51.3927540812845,0.01164575397,-0.173886025310917,0.961718904726916,Intermediate
CRMS0662,7.48778985507246,2.675,85.57,0.12,47.065,0.0535,27.5,3.7,128.01,91.44,0.349713105543694,24.427737468791,6.74273568705509,0.78335,0.08261655,0,0.631,-0.64,0.48,35.5640528572839,0.003036102159,0.430922678654378,0.365920470259108,Intermediate
CRMS0663,7.11750914458907,1,85.435,0.12,51.715,0.0623,27.4,3.4,118.26,79.2,0.314340605586767,20.2262565271931,6.71829986572266,0.574,0.07457977,0.21,0.871,-0.359,0.47,0,0.05011456137,0.387455855352919,0.618105942524226,Intermediate
CRMS0665,5.45621863102962,1.9,91.43,0.08,79.65,0.0674,27.3,4.3,114.6,85.34,0.369346659893589,31.6537833875418,6.8278794973894,0.2245,0.003905782,0.46,0.945,0.12,0.37,96.2136799792533,0.07741474353,0.14450164026755,0.923440706831718,Intermediate
CRMS0672,5.49275636479771,4.775,69.8,0.33,22,0.0725,26.4,17.2,88.39,64,0.224366681559864,41.508700398763,6.9942889213562,0.2985,0.034029825,0.265,0.8305,-0.1545,0.365,36.1627565367527,0.01701612338,-0.00404721182512972,1.56936659708232,Brackish
CRMS0685,4.91743046055632,7.9,77.16,0.315,22.5,0.0624,27.3,22,89.61,75,0.322290582635956,39.374063966103,7.19937716469727,1.003,0.4418631,-0.245,0.475,-0.97,0.58,33.7811629670199,0.03031815064,-0.530457884527194,1.55140329806007,Saline
CRMS0687,7.03667486810065,4.65,75.12,0.255,27.18,0.06575,27.3,15.7,141.42,94.48,0.334076167644751,35.1448630504437,7.24181509017944,0.643,0.4871763,-0.16,0.655,-0.94,0.625,38.7749626219681,0.0007772078247,-0.368761475051976,1.55097277755753,Saline
CRMS0691,9.27980948965725,2.35,90.335,0.08,68.005,0.0614,26.5,3.3,187.14,137.16,0.475560421726281,0,6.70322773229527,-0.1285,0.0031901185,0.74,1.44,0.259,0.485,23.5671260235647,0,0.350798043193287,1.76615433539067,Freshwater
CRMS0697,7.56427072402938,2.45,83.67,0.17,34.145,0.0598,27.8,3.1,124.36,91.44,0.412104088958536,30.7976090771206,6.7032630443573,1.0635,0.205374,0.01,0.714,-0.6515,0.515,44.2104059636752,0.007733068577,0.553227134620662,0.462038246740932,Intermediate
CRMS0978,19.6884632320564,10,84.995,0.135,43.975,0.05675,28.5,16.2,101.465,85.34,0.213608306451597,28.7237176519159,6.76402000486896,0.026,0.533238,0.21,0.9,-0.481,0.58,66.4162105371561,0.08626524408,0.11371041423709,1.68665219294804,Saline
CRMS1024,13.0961873006669,4.95,66.38,0.35,16.735,0.05815,27.6,15.7,68.2,60,0.280097781007542,32.7957400352114,6.8522047996521,0.7395,0.8703503,-0.14,0.76,-1.089,0.74,38.5774627402961,0.03044261039,0,1.5902762926206,Saline
CRMS1100,11.4454467353952,1.5,90.9,0.11,61.585,0.06745,26,1.2,131.06,103.63,0.403440784797611,0,6.94744825363159,0.92525,0.00358223,0.23,0.86,-0.28,0.44,54.8173509724047,0.01111386914,0.109490860484346,1.51642600272245,Intermediate
CRMS1130,14.2207792207792,0.5,84.57,0.14,41.16,0.05765,26.2,2.6,80.8,73,0.350571083389143,0,6.4919638633728,0.0595,0.0042945645,0.53,1.187,-0.038,0.515,84.4112569280729,0,0.126825181877291,1.40144780335315,Intermediate
CRMS1277,5.48497267759563,0.1,92.85,0.05,86.95,0.042,25.1,0.2,87.6,77,0.346211853190339,0,6.67953192213598,0.138,0.001983003,0.52,0.953,0.2,0.43,97.9353773715692,0,0.591911609476937,1.51404574002492,Freshwater
CRMS1409,7.03118431002856,2.25,86.34,0.115,50.525,0.0605,26.3,6.45,187.75,124.97,0.356641074252051,0,6.42638111114502,0.2495,0.003720592,0.74,1.26,0.13,0.53,0,0,0.85233184720683,1.84331421623738,Intermediate
CRMS1413,3.90417219659036,3.45,90.715,0.08,61.75,0.0462,26.4,4.6,108.5,88.39,0.350697872048002,24.5660581742956,6.44845846659458,0.1295,0.002873601,0.39,1.128,-0.185,0.44,0,0.003888142334,0.697908047030433,1.8377989276817,Intermediate
CRMS1446,12.6871657754011,1.3,82.725,0.14,37.04,0.05325,26.45,1.1,118.87,112.77,0.411762550889141,47.7831361436844,6.99848413467407,0.3515,0.010638305,0.51,1.223,0.01,0.535,34.5564703019166,0.02374386517,0,1.80797857576526,Freshwater
CRMS1650,13.2587811468028,1.1,82.085,0.16,36.825,0.05635,25.9,3.6,112.77,85.34,0.478378937804165,44.4813677369631,6.95450173622189,1.068,0.6587368,-0.42,0.49,-1.511,0.74,28.0847635718245,0.03908203735,0.495867897369997,0.936425436585391,Intermediate
CRMS1738,4.55971968312005,6.7,82.785,0.14,34.09,0.05165,26.8,13.8,97.6,82.29,0.317487794368855,35.0334051718989,7.0562988174035,0.5385,0.03043338,-0.05,0.4055,-0.4195,0.34,44.4342956452301,0.0982241284,0.0225613260264062,1.70544169757515,Brackish
CRMS1743,3.88491576971251,6.8,85.915,0.135,39.61,0.0532,26.5,14.75,102.41,79.24,0.21305076777935,33.0753073431057,7.14417934417725,0.4955,0.04996045,0.14,0.681,-0.26,0.43,53.9910922234659,0.4241433742,-0.359501886233743,1.68997374456956,Brackish
CRMS2166,7.98740053050398,3.775,91.755,0.06,63.035,0.0405,27.1,4.9,119.48,88.39,0.335107566721528,39.3867725454058,6.74326324462891,0.0195,0.05928594,0.33,0.819,-0.151,0.48,0,0.01398529761,0.593664775962907,0.787289336410865,Brackish
CRMS2334,9.16901125401929,3.875,86.565,0.12,55.015,0.064,27.3,9.5,118.87,82.29,0.283205488010457,27.5741880290041,6.52891205088849,0.72925,0.007889191,0.375,0.895,-0.1635,0.355,80.0799077616449,0.5802480973,0.447171314925882,1.42515196245231,Intermediate
CRMS2493,5.23441809156095,4.825,82.86,0.15,45.55,0.06635,26.8,5.3,144.48,100.58,0.383823974962455,28.5206108055059,6.66639041900635,0.3225,0.01355529,0.27,0.9085,-0.2465,0.485,64.208242217054,0.01751852513,0.759135428434599,1.85456140318728,Intermediate
CRMS2568,16.9218316073607,0.1,74.005,0.26,23.84,0.06275,26.8,0.2,95.46,76.2,0.512815589468421,36.1817163593769,6.29199647903442,0.7895,0.4868334,-0.02,0.954,-1,0.68,51.2785382274139,0,0.739390743289674,0.910868691504352,Freshwater
CRMS2608,33.4534972785405,0.1,50.43,0.515,6.42,0.0396,27.2,1.1,117.04,103.63,0.466669766140195,43.4366971174875,6.70083948744465,0.495,0.5274268,0.52,1.366,-0.37,0.56,73.384392690656,0.003130561279,0.0827738052148179,0.24502049571748,Freshwater
CRMS2614,33.5787665277732,0.2,63.44,0.425,11.76,0.04975,27.1,1.3,114.6,121.9,0.34608910711643,49.0789946979025,6.85854005813599,0.2905,0.65948745,0.23,1.068,-0.4715,0.6,57.1282912977351,0.008599708862,-0.29984303071064,0.774699953061985,Intermediate
CRMS2825,11.7526240121323,2.35,89.175,0.105,53.845,0.0596,27.4,7.3,111.25,88.39,0.321212525178054,36.1781452837298,6.50282144546509,0.59,0.06663153,-0.12,0.41,-0.739,0.48,37.9794516212391,0,0.498923783039071,1.69229461429597,Intermediate
CRMS2830,11.4719146861198,1.6,78.075,0.23,29.735,0.06535,25.8,2.6,123.875,80,0.388765301001259,31.7091987859776,6.62711119651794,0.88925,0.1262739,-0.26,0.598,-1.039,0.65,27.5456617860084,0.01168721791,-0.700721862969281,0.916492582476829,Intermediate
CRMS2854,12.2379557291667,1.8,87.45,0.105,59.155,0.0599,25.7,2.3,97,75,0.376942211253252,24.4431431613696,6.03542375564575,0.6905,0.09418152,0.21,0.88,-0.56,0.6,54.6575336226309,0.06239497982,-0.0727877092971208,1.39960833982978,Intermediate
CRMS3054,12.4645618556701,0.2,88.9,0.11,49.775,0.0537,26.5,0.5,115.21,131.06,0.498135589723748,30.7516336581582,6.58374261856079,0.621,0.11070025,-0.03,0.6255,-0.705,0.525,47.5068300602592,0.007789594482,-0.284656306813135,1.37153734530818,Freshwater
CRMS3136,13.6851012092534,0.1,88.045,0.11,52.37,0.0515,24.3,0.1,118,110,0.561381526591492,0,5.90350103378296,0.6935,0.031322425,0.14,0.7675,-0.65,0.52,59.1095883663289,0,-0.68767749004694,0.971229550281118,Freshwater
CRMS3296,15.7537537209412,5.65,76.735,0.22,31.325,0.06775,27.8,13.8,85.03,73.15,0.228130152220841,28.658726269863,7.00767660140991,0.433333333,0.7055269,-0.06,0.75,-0.93,0.68,16.1036466269527,0.1821291692,0,1.76598801357748,Saline
CRMS3565,15.5624378109453,4.9,82.14,0.175,34.555,0.0585,28,4.2,94.48,79.24,0.166169659599014,30.9112057121764,6.86437749862671,0.419166667,0.3556399,0.21,0.78,-0.435,0.51,34.5476793873009,0.1879082962,0,1.33875825264745,Brackish
CRMS3601,9.93607660455487,3.7,79.13,0.165,37.78,0.0644,27.3,5.6,95.4,82,0.258856102824211,24.5275103646738,6.56257486343384,0.439,0.3482178,0.02,0.642,-0.71,0.55,48.3784580723229,0.09928365105,-0.268534622036693,0.814500564869281,Brackish
CRMS3617,19.9507168458781,5.5,81.515,0.16,33.56,0.05045,27.8,7.3,99.36,94.48,0.284067321094688,28.6567283924639,6.54710887607775,0.47025,0.3597613,0.23,0.87,-0.54,0.55,63.9786807556635,0.01979703515,0,0.8771749843062,Brackish
CRMS3626,10.9441525661627,1.225,80.94,0.17,34.57,0.06395,25.7,3.8,99,79.25,0.384334291681902,32.8248215790462,6.76174255413099,0.41375,0.2518898,-0.09,0.709,-0.741,0.63,41.9887085545502,0.08262908163,-0.0835576602874387,1.32456447236159,Intermediate
CRMS3639,7.51180836707152,3.15,83.065,0.14,40.905,0.0587,25.9,4.1,105,76.2,0.383804539971613,39.4077706439679,6.14117813110352,0.821,0.237145,-0.24,0.26,-0.83,0.44,29.350347687351,0.0007774986572,0.493322014888483,0.729294344446163,Brackish
CRMS3641,9.56688415304605,0.75,87.26,0.1,46.57,0.04835,26.8,2.4,112,85.34,0.350688509634702,32.9675311530826,6.25346688220375,0.58,0.3240071,0.05,0.57,-0.644,0.46,55.2458238620816,0.02021307825,0.395179569178382,0.746494245653283,Intermediate
CRMS3650,13.3718927023663,1.3,65.24,0.335,15.06,0.0555,24.7,5.8,109,85,0.388822009550825,35.1147380361862,6.77700901031494,0.784,0.6776541,-0.36,0.51,-1.315,0.74,28.923623981146,0.01426492187,0.112310453843306,1.25808582780211,Brackish
CRMS3664,7.25,2.225,58.25,0.47,14.09,0.0705,25.62,4.85,99.97,76.2,0.377030413396591,40.3663556008027,6.3118070058183,0.44625,0.3031231,0.02,0.53,-0.63,0.46,56.3168909223256,0,0.0699599995583728,0.903287962996295,Intermediate
CRMS3680,12.7159284497445,2.05,84.665,0.15,44.055,0.0611,26.3,10.5,105.46,94.48,0.270382915672503,30.5541824435541,6.38681650161743,0.47,0.3859022,-0.12,0.51,-0.83,0.54,39.0580335645827,0.03473042135,0.350471137191686,0.650422306474624,Saline
CRMS3784,8.89623955431755,1.4,71.74,0.285,18.94,0.0494,25.7,5.65,97,75,0.240031008882804,32.9744657817256,6.83239912342381,0.45125,0.5455993,0.09,0.86,-0.74,0.63,50.7914169211934,0.006204940796,-0.684703657309709,0.505871820508021,Brackish
CRMS3800,8.39972273567468,3,80.195,0.185,26.66,0.0558,27.4,5.7,110.94,85.34,0.383940368714202,27.59745582797,6.60859251022339,-0.15075,0.07029324,0.31,1.041,-0.432,0.58,59.5181782512832,0.001556098816,-0.0338877442525771,1.36391594073488,Intermediate
CRMS3913,15.8378528146477,0.9,91.21,0.07,65.095,0.0464,26.05,0.7,103.02,88.39,0.549257608353749,0,5.86455821990967,0.7675,0.152764,-0.04,0.8,-0.9,0.67,34.1463394321035,0,0.232486791993156,1.10210421180516,Intermediate
CRMS3985,9.86714417744917,0.6,90.645,0.08,64.06,0.05,27.3,1.03,99.6,96,0.383950961673724,32.9065767369951,6.38857249767426,0.479,0.1336278,0.26,0.92,-0.4405,0.535,69.9972875542667,0.01245972532,0.409295679917832,1.11182084252564,Freshwater
CRMS4014,13.6772759103641,0.175,81.825,0.155,28.41,0.0423,26.1,0.3,119.36,100.58,0.526314396950314,41.3724858610092,6.3507475360986,1.454,0.5471839,-0.33,0.525,-1.29,0.69,32.5570772539146,0,0.557462756578297,0.678536758735923,Freshwater
CRMS4016,16.7816091954023,0.1,84.195,0.155,32.12,0.0496,26.7,0.3,108.87,110,0.501981317604493,43.4278064615697,6.35371308667319,1.151,0.50697075,-0.115,0.8225,-1.03,0.695,44.4635755700189,0,0.594527039413053,1.04223991409606,Freshwater
CRMS4045,11.1301210428305,1.1,86.2,0.14,43.41,0.05975,27.6,2.5,103.38,94.48,0.450950324551591,26.5002622818947,6.64757347106934,0.874,0.2824936,-0.45,0.194,-1.04,0.495,18.5043278202877,0.07631915149,0.54908386962471,1.43169014665889,Freshwater
CRMS4094,11.8065594707886,1.275,82.885,0.16,38.16,0.0702,25.25,1.3,95,80,0.525440903939178,28.6588730790146,6.43478775024414,0.804,0.2517143,-0.13,0.7115,-0.9705,0.685,32.819634328543,0.005416451477,-0.0578451121071928,1.51660399250297,Freshwater
CRMS4103,15.3615999550959,0.3,88.575,0.11,58.965,0.06325,27.6,1.6,120.8,95,0.36601941430076,26.4569526165462,6.53842353820801,0.871,0.1546012,0,0.61,-0.768,0.54,50.5923339071738,0.002338324707,0.408584865742944,0.876277309890981,Intermediate
CRMS4110,10.4862363282065,0.4,81.14,0.18,29.755,0.05565,25.2,1,115.82,91.44,0.482328669233892,35.03130525553,6.21226644515991,1.3625,0.5182682,-0.56,0.16,-1.39,0.6,14.6297823475119,0.04264082056,0.44142000078123,-0.529709561003568,Intermediate
CRMS4218,17.0542167610672,0.5,82.12,0.155,37.28,0.05465,28.2,1.8,106.68,97.53,0.34208913038916,33.0170537259817,6.85245323181152,0.6455,0.25667835,0.06,0.647,-0.58,0.49,52.7833583171805,0.08701198147,0,1.35010970680426,Intermediate
CRMS4406,6.22991967871486,1.75,83.775,0.135,37.3,0.0526,25.5,6.6,96,70,0.326221246825136,24.3625224978209,6.38157622840572,0.4705,0.128518,0.13,0.809,-0.564,0.57,47.5960427007587,0.05851489517,0.374184876323345,0.752066163043968,Brackish
CRMS4407,6.14116006206984,2.1,81.92,0.15,51.365,0.0741,24.85,4.4,120,95,0.369278696476153,24.344971477571,6.09917163848877,0.62575,0.06546306,-0.08,0.506,-0.601,0.52,31.2743589078262,0.04765568296,0.619590169041041,0.740830366010868,Intermediate
CRMS4455,14.0384615384615,7.45,71.73,0.29,20.56,0.05985,27.9,12.2,123.38,106.68,0.299005204508497,39.2590910097842,7.03841876983643,0.544,0.6480653,-0.015,0.7,-0.79,0.57,48.7437179649051,0.1314623043,0,1.60170131905404,Saline
CRMS4529,15.7932692307692,3.275,70.51,0.31,20.42,0.0607,28.1,13.2,100.58,91.4,0.26468731328312,28.5919811367565,6.47492742538452,0.4925,0.7005907,-0.39,0.368,-1.197,0.65,25.5597654660723,0.04274501477,-1.28861989429804,0.991289623545742,Saline
CRMS4548,14.018115942029,2.7,58.92,0.45,12.125,0.05485,27.9,6.65,112.89,91.44,0.262620095467739,28.7113628819888,6.69714593887329,0.518,0.82869795,-0.025,0.98,-1.075,0.76,0,0.09793320627,0,1.35590656752728,Saline
CRMS4551,13.6334577827842,3.3,75.075,0.255,26.94,0.0661,27.8,5.5,101.8,82.3,0.2218380803894,22.2910691148432,6.52991628646851,0.2245,0.7893368,0.25,1.16,-0.74,0.75,63.6665514294452,0.05926054441,-0.299786059059377,1.46207025203965,Saline
CRMS4557,13.8145777178796,4.225,82.07,0.175,33.255,0.0595,27.1,13.8,99.36,82.29,0.301516903187061,28.661193485597,6.4135971095285,0.383,0.8011213,-0.01,0.93,-1.03,0.75,49.3093916976359,0.003890903992,0.0785798314760991,1.50955500741055,Saline
CRMS4572,9.69657295941221,3.15,75.28,0.255,24.875,0.0567,26.75,10.2,94.79,85,0.268443735269078,30.8019111672094,6.77376681116639,0.68,0.8055173,0,0.92,-0.947,0.72,47.4246151891985,0,0.0719182795348448,1.21608684023599,Saline
CRMS4596,10.7608695652174,2.1,60.975,0.445,14.4,0.0577,26.7,12.3,90.4,88.39,0.263797362760082,32.986212013004,6.89984750747681,0.499,0.8546692,0.01,0.9,-0.965,0.75,46.6040445591024,0.08790396994,0,1.25546987865803,Saline
CRMS4626,28.2294726824899,1.1,53.43,0.625,9.28,0.05865,28,4.9,150.565,124.96,0.318399162560263,56.4363688265555,6.74317216873169,0.433,0.6390573,0.12,0.84,-0.583,0.58,55.988528070369,0.1482871614,0,1.17346776874344,Intermediate
CRMS4690,15.733927907841,5.6,78.37,0.215,32.645,0.06635,27.7,6.5,85.34,73.15,0.219656040096403,30.8813708822218,6.83540916442871,0.4925,0.4525399,0.085,0.775,-0.6695,0.555,57.7059287363655,0.02083420767,0,1.26101636337881,Saline
CRMS4779,15.3407181880264,0.225,84.1,0.155,35.61,0.0588,27.7,0.3,75.34,60.96,0.518547295346936,0,5.74468173478779,0.898888889,0.08940051,0.665,1.575,-0.255,0.65,78.1857439341909,0,0.652984150998831,1.24325403877049,Swamp
CRMS4808,27.2379985823829,0.275,79.29,0.22,30.895,0.06195,26.6,0.4,167.64,106.68,0.551791893676522,0,5.96216869354248,1.036111111,0.1937464,0.4,1.469,-0.7,0.78,60.6938823924497,0,0.262065958352308,1.2084962765437,Swamp
CRMS5035,17.3215262582057,0.1,79.885,0.22,36.815,0.07865,26.6,0.4,101.8,88.39,0.478225347561173,34.9883099692208,5.82730960845947,0.644444444,0.09123712,0.57,1.2345,-0.19,0.59,82.4999990582192,0.003898363403,0.595124155425786,0.648785828139791,Swamp
CRMS5255,14.2942915419062,0.3,50.405,0.64,11.85,0.07565,25.1,0.8,86.8,60,0.568481063729621,28.7321912612915,5.87834596633911,0.572222222,0.1114751,0.29,1.09,-0.513,0.65,64.107602701049,0,-0.241351313260833,1.2001736933737,Swamp
CRMS5267,14.3216314414084,0.25,74.355,0.275,28.14,0.07995,25.55,0.3,87.2,70.1,0.564715516043307,26.5249972950328,5.51786470413208,0.424444444,0.161492,0.33,1.21,-0.59,0.7,63.625983975043,0,0.511689255213039,1.44185654199803,Swamp
CRMS5414,9.29880952380952,0.3,84.56,0.165,53.65,0.08125,25.6,0.4,75,54.9,0.527786320931203,0,5.42710781097412,0.286111111,0.06250935,0.52,1.21,-0.36,0.62,77.2389617766088,0,0.665451172559206,1.08294105796158,Swamp
CRMS5452,13.0459561614372,0.4,79.99,0.25,37.04,0.0866,25.1,0.4,79,60,0.494246349820504,26.5004325266353,5.51062059402466,0.402222222,0.1730987,0.3,1.1365,-0.5815,0.71,53.5499817078773,0,0.634747935726537,1.54870559080965,Swamp
CRMS5845,10.361296685527,0.15,77.27,0.21,43.72,0.0829,25.4,0.3,77,54.86,0.479398296909354,24.4445105716481,5.31473502586193,0.526666667,0.1459309,0.475,1.34,-0.449,0.715,68.8564962254876,0,0.932297446446715,1.17564627777754,Swamp
CRMS6038,26.890106883383,0.1,81.65,0.18,29.18,0.0524,26.5,0.3,101.92,85.34,0.481420830055854,35.0687126792745,5.97645092010498,1.778888889,0.3951802,-0.24,0.82,-1.409,0.86,41.2622460553401,0.0007798270874,0.750659728962554,1.01615092283954,Swamp
CRMS6209,7.71834334334334,0.55,84.695,0.16,52.55,0.08125,25.3,0.7,96.4,80,0.438549068798743,0,6.53559160232544,0.597222222,0.1537976,0.28,1.146,-0.582,0.7,57.1484352676392,0,0.0967919132720659,1.60507085356298,Swamp
CRMS6299,10.5461680833562,1.125,69.345,0.325,18.28,0.0584,26.3,3,115,88.39,0.407937787628353,32.8006918500977,6.65460783645205,0.2985,0.0765549,0.6,1.252,-0.096,0.56,79.8812654369226,0.007112747779,-0.975732439024701,0.934690477932102,Saline
CRMS6301,5.51830753211144,3.8,43.55,0.775,7.53,0.05595,27.4,12.4,86.56,79.24,0.353478156757278,35.0393604925018,7.16036951541901,0.658,0.007528501,0.2,0.6025,-0.21,0.31,63.3664871711326,0.003108486633,-0.412663491610072,1.47493401509719,Saline
CRMS6303,18.8168679896462,2.4,82.14,0.175,41.015,0.07755,28.1,3.8,102.78,78.94,0.384764751160808,28.6548348085254,6.80850410461426,0.776,0.33781495,-0.2,0.443,-0.945,0.535,28.6073056095056,0.2413113152,-0.22675285943637,1.47522128474989,Intermediate
CRMS6304,38.2661290322581,0.275,65.375,0.36,19.345,0.06,28,1,113.69,106.68,0.572338890777363,43.6635289288995,7.05457067489624,0.8415,0.604283,-0.34,0.45,-1.172,0.61,30.4558934325359,0,-0.164460922835004,0.804748021389094,Freshwater